# litt engine procedural asset - generated by math only
# generator: template/tools/procedural_assets.py
mtllib valley_floor.mtl
o valley_floor
v -8 0.0011 -8
v -8 0.0038 -7.3333
v -7.3333 0.0136 -7.3333
v -8 0.0011 -8
v -7.3333 0.0136 -7.3333
v -7.3333 0.0114 -8
v -7.3333 0.0114 -8
v -7.3333 0.0136 -7.3333
v -6.6667 0.0283 -7.3333
v -7.3333 0.0114 -8
v -6.6667 0.0283 -7.3333
v -6.6667 0.026 -8
v -6.6667 0.026 -8
v -6.6667 0.0283 -7.3333
v -6 0.0425 -7.3333
v -6.6667 0.026 -8
v -6 0.0425 -7.3333
v -6 0.0419 -8
v -6 0.0419 -8
v -6 0.0425 -7.3333
v -5.3333 0.0568 -7.3333
v -6 0.0419 -8
v -5.3333 0.0568 -7.3333
v -5.3333 0.0559 -8
v -5.3333 0.0559 -8
v -5.3333 0.0568 -7.3333
v -4.6667 0.0716 -7.3333
v -5.3333 0.0559 -8
v -4.6667 0.0716 -7.3333
v -4.6667 0.0701 -8
v -4.6667 0.0701 -8
v -4.6667 0.0716 -7.3333
v -4 0.0864 -7.3333
v -4.6667 0.0701 -8
v -4 0.0864 -7.3333
v -4 0.0859 -8
v -4 0.0859 -8
v -4 0.0864 -7.3333
v -3.3333 0.1013 -7.3333
v -4 0.0859 -8
v -3.3333 0.1013 -7.3333
v -3.3333 0.1005 -8
v -3.3333 0.1005 -8
v -3.3333 0.1013 -7.3333
v -2.6667 0.1098 -7.3333
v -3.3333 0.1005 -8
v -2.6667 0.1098 -7.3333
v -2.6667 0.1106 -8
v -2.6667 0.1106 -8
v -2.6667 0.1098 -7.3333
v -2 0.1208 -7.3333
v -2.6667 0.1106 -8
v -2 0.1208 -7.3333
v -2 0.1208 -8
v -2 0.1208 -8
v -2 0.1208 -7.3333
v -1.3333 0.1377 -7.3333
v -2 0.1208 -8
v -1.3333 0.1377 -7.3333
v -1.3333 0.1358 -8
v -1.3333 0.1358 -8
v -1.3333 0.1377 -7.3333
v -0.6667 0.1529 -7.3333
v -1.3333 0.1358 -8
v -0.6667 0.1529 -7.3333
v -0.6667 0.1515 -8
v -0.6667 0.1515 -8
v -0.6667 0.1529 -7.3333
v 0 0.1667 -7.3333
v -0.6667 0.1515 -8
v 0 0.1667 -7.3333
v 0 0.1654 -8
v 0 0.1654 -8
v 0 0.1667 -7.3333
v 0.6667 0.1789 -7.3333
v 0 0.1654 -8
v 0.6667 0.1789 -7.3333
v 0.6667 0.1793 -8
v 0.6667 0.1793 -8
v 0.6667 0.1789 -7.3333
v 1.3333 0.1951 -7.3333
v 0.6667 0.1793 -8
v 1.3333 0.1951 -7.3333
v 1.3333 0.1952 -8
v 1.3333 0.1952 -8
v 1.3333 0.1951 -7.3333
v 2 0.2105 -7.3333
v 1.3333 0.1952 -8
v 2 0.2105 -7.3333
v 2 0.2098 -8
v 2 0.2098 -8
v 2 0.2105 -7.3333
v 2.6667 0.2196 -7.3333
v 2 0.2098 -8
v 2.6667 0.2196 -7.3333
v 2.6667 0.2199 -8
v 2.6667 0.2199 -8
v 2.6667 0.2196 -7.3333
v 3.3333 0.2302 -7.3333
v 2.6667 0.2199 -8
v 3.3333 0.2302 -7.3333
v 3.3333 0.2301 -8
v 3.3333 0.2301 -8
v 3.3333 0.2302 -7.3333
v 4 0.2436 -7.3333
v 3.3333 0.2301 -8
v 4 0.2436 -7.3333
v 4 0.2449 -8
v 4 0.2449 -8
v 4 0.2436 -7.3333
v 4.6667 0.2611 -7.3333
v 4 0.2449 -8
v 4.6667 0.2611 -7.3333
v 4.6667 0.2614 -8
v 4.6667 0.2614 -8
v 4.6667 0.2611 -7.3333
v 5.3333 0.2779 -7.3333
v 4.6667 0.2614 -8
v 5.3333 0.2779 -7.3333
v 5.3333 0.2756 -8
v 5.3333 0.2756 -8
v 5.3333 0.2779 -7.3333
v 6 0.2914 -7.3333
v 5.3333 0.2756 -8
v 6 0.2914 -7.3333
v 6 0.2895 -8
v 6 0.2895 -8
v 6 0.2914 -7.3333
v 6.6667 0.3071 -7.3333
v 6 0.2895 -8
v 6.6667 0.3071 -7.3333
v 6.6667 0.3053 -8
v 6.6667 0.3053 -8
v 6.6667 0.3071 -7.3333
v 7.3333 0.3199 -7.3333
v 6.6667 0.3053 -8
v 7.3333 0.3199 -7.3333
v 7.3333 0.3198 -8
v 7.3333 0.3198 -8
v 7.3333 0.3199 -7.3333
v 8 0.3302 -7.3333
v 7.3333 0.3198 -8
v 8 0.3302 -7.3333
v 8 0.3301 -8
v -8 0.0038 -7.3333
v -8 0.0076 -6.6667
v -7.3333 0.0171 -6.6667
v -8 0.0038 -7.3333
v -7.3333 0.0171 -6.6667
v -7.3333 0.0136 -7.3333
v -7.3333 0.0136 -7.3333
v -7.3333 0.0171 -6.6667
v -6.6667 0.0314 -6.6667
v -7.3333 0.0136 -7.3333
v -6.6667 0.0314 -6.6667
v -6.6667 0.0283 -7.3333
v -6.6667 0.0283 -7.3333
v -6.6667 0.0314 -6.6667
v -6 0.0476 -6.6667
v -6.6667 0.0283 -7.3333
v -6 0.0476 -6.6667
v -6 0.0425 -7.3333
v -6 0.0425 -7.3333
v -6 0.0476 -6.6667
v -5.3333 0.0617 -6.6667
v -6 0.0425 -7.3333
v -5.3333 0.0617 -6.6667
v -5.3333 0.0568 -7.3333
v -5.3333 0.0568 -7.3333
v -5.3333 0.0617 -6.6667
v -4.6667 0.071 -6.6667
v -5.3333 0.0568 -7.3333
v -4.6667 0.071 -6.6667
v -4.6667 0.0716 -7.3333
v -4.6667 0.0716 -7.3333
v -4.6667 0.071 -6.6667
v -4 0.0848 -6.6667
v -4.6667 0.0716 -7.3333
v -4 0.0848 -6.6667
v -4 0.0864 -7.3333
v -4 0.0864 -7.3333
v -4 0.0848 -6.6667
v -3.3333 0.0996 -6.6667
v -4 0.0864 -7.3333
v -3.3333 0.0996 -6.6667
v -3.3333 0.1013 -7.3333
v -3.3333 0.1013 -7.3333
v -3.3333 0.0996 -6.6667
v -2.6667 0.1104 -6.6667
v -3.3333 0.1013 -7.3333
v -2.6667 0.1104 -6.6667
v -2.6667 0.1098 -7.3333
v -2.6667 0.1098 -7.3333
v -2.6667 0.1104 -6.6667
v -2 0.1217 -6.6667
v -2.6667 0.1098 -7.3333
v -2 0.1217 -6.6667
v -2 0.1208 -7.3333
v -2 0.1208 -7.3333
v -2 0.1217 -6.6667
v -1.3333 0.1401 -6.6667
v -2 0.1208 -7.3333
v -1.3333 0.1401 -6.6667
v -1.3333 0.1377 -7.3333
v -1.3333 0.1377 -7.3333
v -1.3333 0.1401 -6.6667
v -0.6667 0.1542 -6.6667
v -1.3333 0.1377 -7.3333
v -0.6667 0.1542 -6.6667
v -0.6667 0.1529 -7.3333
v -0.6667 0.1529 -7.3333
v -0.6667 0.1542 -6.6667
v 0 0.1673 -6.6667
v -0.6667 0.1529 -7.3333
v 0 0.1673 -6.6667
v 0 0.1667 -7.3333
v 0 0.1667 -7.3333
v 0 0.1673 -6.6667
v 0.6667 0.182 -6.6667
v 0 0.1667 -7.3333
v 0.6667 0.182 -6.6667
v 0.6667 0.1789 -7.3333
v 0.6667 0.1789 -7.3333
v 0.6667 0.182 -6.6667
v 1.3333 0.1983 -6.6667
v 0.6667 0.1789 -7.3333
v 1.3333 0.1983 -6.6667
v 1.3333 0.1951 -7.3333
v 1.3333 0.1951 -7.3333
v 1.3333 0.1983 -6.6667
v 2 0.2081 -6.6667
v 1.3333 0.1951 -7.3333
v 2 0.2081 -6.6667
v 2 0.2105 -7.3333
v 2 0.2105 -7.3333
v 2 0.2081 -6.6667
v 2.6667 0.2161 -6.6667
v 2 0.2105 -7.3333
v 2.6667 0.2161 -6.6667
v 2.6667 0.2196 -7.3333
v 2.6667 0.2196 -7.3333
v 2.6667 0.2161 -6.6667
v 3.3333 0.2269 -6.6667
v 2.6667 0.2196 -7.3333
v 3.3333 0.2269 -6.6667
v 3.3333 0.2302 -7.3333
v 3.3333 0.2302 -7.3333
v 3.3333 0.2269 -6.6667
v 4 0.2431 -6.6667
v 3.3333 0.2302 -7.3333
v 4 0.2431 -6.6667
v 4 0.2436 -7.3333
v 4 0.2436 -7.3333
v 4 0.2431 -6.6667
v 4.6667 0.2619 -6.6667
v 4 0.2436 -7.3333
v 4.6667 0.2619 -6.6667
v 4.6667 0.2611 -7.3333
v 4.6667 0.2611 -7.3333
v 4.6667 0.2619 -6.6667
v 5.3333 0.2809 -6.6667
v 4.6667 0.2611 -7.3333
v 5.3333 0.2809 -6.6667
v 5.3333 0.2779 -7.3333
v 5.3333 0.2779 -7.3333
v 5.3333 0.2809 -6.6667
v 6 0.2937 -6.6667
v 5.3333 0.2779 -7.3333
v 6 0.2937 -6.6667
v 6 0.2914 -7.3333
v 6 0.2914 -7.3333
v 6 0.2937 -6.6667
v 6.6667 0.3089 -6.6667
v 6 0.2914 -7.3333
v 6.6667 0.3089 -6.6667
v 6.6667 0.3071 -7.3333
v 6.6667 0.3071 -7.3333
v 6.6667 0.3089 -6.6667
v 7.3333 0.3236 -6.6667
v 6.6667 0.3071 -7.3333
v 7.3333 0.3236 -6.6667
v 7.3333 0.3199 -7.3333
v 7.3333 0.3199 -7.3333
v 7.3333 0.3236 -6.6667
v 8 0.3339 -6.6667
v 7.3333 0.3199 -7.3333
v 8 0.3339 -6.6667
v 8 0.3302 -7.3333
v -8 0.0076 -6.6667
v -8 0.0117 -6
v -7.3333 0.0208 -6
v -8 0.0076 -6.6667
v -7.3333 0.0208 -6
v -7.3333 0.0171 -6.6667
v -7.3333 0.0171 -6.6667
v -7.3333 0.0208 -6
v -6.6667 0.035 -6
v -7.3333 0.0171 -6.6667
v -6.6667 0.035 -6
v -6.6667 0.0314 -6.6667
v -6.6667 0.0314 -6.6667
v -6.6667 0.035 -6
v -6 0.0494 -6
v -6.6667 0.0314 -6.6667
v -6 0.0494 -6
v -6 0.0476 -6.6667
v -6 0.0476 -6.6667
v -6 0.0494 -6
v -5.3333 0.0635 -6
v -6 0.0476 -6.6667
v -5.3333 0.0635 -6
v -5.3333 0.0617 -6.6667
v -5.3333 0.0617 -6.6667
v -5.3333 0.0635 -6
v -4.6667 0.0753 -6
v -5.3333 0.0617 -6.6667
v -4.6667 0.0753 -6
v -4.6667 0.071 -6.6667
v -4.6667 0.071 -6.6667
v -4.6667 0.0753 -6
v -4 0.09 -6
v -4.6667 0.071 -6.6667
v -4 0.09 -6
v -4 0.0848 -6.6667
v -4 0.0848 -6.6667
v -4 0.09 -6
v -3.3333 0.1051 -6
v -4 0.0848 -6.6667
v -3.3333 0.1051 -6
v -3.3333 0.0996 -6.6667
v -3.3333 0.0996 -6.6667
v -3.3333 0.1051 -6
v -2.6667 0.1141 -6
v -3.3333 0.0996 -6.6667
v -2.6667 0.1141 -6
v -2.6667 0.1104 -6.6667
v -2.6667 0.1104 -6.6667
v -2.6667 0.1141 -6
v -2 0.1229 -6
v -2.6667 0.1104 -6.6667
v -2 0.1229 -6
v -2 0.1217 -6.6667
v -2 0.1217 -6.6667
v -2 0.1229 -6
v -1.3333 0.1396 -6
v -2 0.1217 -6.6667
v -1.3333 0.1396 -6
v -1.3333 0.1401 -6.6667
v -1.3333 0.1401 -6.6667
v -1.3333 0.1396 -6
v -0.6667 0.1525 -6
v -1.3333 0.1401 -6.6667
v -0.6667 0.1525 -6
v -0.6667 0.1542 -6.6667
v -0.6667 0.1542 -6.6667
v -0.6667 0.1525 -6
v 0 0.1656 -6
v -0.6667 0.1542 -6.6667
v 0 0.1656 -6
v 0 0.1673 -6.6667
v 0 0.1673 -6.6667
v 0 0.1656 -6
v 0.6667 0.1784 -6
v 0 0.1673 -6.6667
v 0.6667 0.1784 -6
v 0.6667 0.182 -6.6667
v 0.6667 0.182 -6.6667
v 0.6667 0.1784 -6
v 1.3333 0.1947 -6
v 0.6667 0.182 -6.6667
v 1.3333 0.1947 -6
v 1.3333 0.1983 -6.6667
v 1.3333 0.1983 -6.6667
v 1.3333 0.1947 -6
v 2 0.2075 -6
v 1.3333 0.1983 -6.6667
v 2 0.2075 -6
v 2 0.2081 -6.6667
v 2 0.2081 -6.6667
v 2 0.2075 -6
v 2.6667 0.2164 -6
v 2 0.2081 -6.6667
v 2.6667 0.2164 -6
v 2.6667 0.2161 -6.6667
v 2.6667 0.2161 -6.6667
v 2.6667 0.2164 -6
v 3.3333 0.2277 -6
v 2.6667 0.2161 -6.6667
v 3.3333 0.2277 -6
v 3.3333 0.2269 -6.6667
v 3.3333 0.2269 -6.6667
v 3.3333 0.2277 -6
v 4 0.2425 -6
v 3.3333 0.2269 -6.6667
v 4 0.2425 -6
v 4 0.2431 -6.6667
v 4 0.2431 -6.6667
v 4 0.2425 -6
v 4.6667 0.2623 -6
v 4 0.2431 -6.6667
v 4.6667 0.2623 -6
v 4.6667 0.2619 -6.6667
v 4.6667 0.2619 -6.6667
v 4.6667 0.2623 -6
v 5.3333 0.2838 -6
v 4.6667 0.2619 -6.6667
v 5.3333 0.2838 -6
v 5.3333 0.2809 -6.6667
v 5.3333 0.2809 -6.6667
v 5.3333 0.2838 -6
v 6 0.296 -6
v 5.3333 0.2809 -6.6667
v 6 0.296 -6
v 6 0.2937 -6.6667
v 6 0.2937 -6.6667
v 6 0.296 -6
v 6.6667 0.3108 -6
v 6 0.2937 -6.6667
v 6.6667 0.3108 -6
v 6.6667 0.3089 -6.6667
v 6.6667 0.3089 -6.6667
v 6.6667 0.3108 -6
v 7.3333 0.3233 -6
v 6.6667 0.3089 -6.6667
v 7.3333 0.3233 -6
v 7.3333 0.3236 -6.6667
v 7.3333 0.3236 -6.6667
v 7.3333 0.3233 -6
v 8 0.3333 -6
v 7.3333 0.3236 -6.6667
v 8 0.3333 -6
v 8 0.3339 -6.6667
v -8 0.0117 -6
v -8 0.0153 -5.3333
v -7.3333 0.0186 -5.3333
v -8 0.0117 -6
v -7.3333 0.0186 -5.3333
v -7.3333 0.0208 -6
v -7.3333 0.0208 -6
v -7.3333 0.0186 -5.3333
v -6.6667 0.0379 -5.3333
v -7.3333 0.0208 -6
v -6.6667 0.0379 -5.3333
v -6.6667 0.035 -6
v -6.6667 0.035 -6
v -6.6667 0.0379 -5.3333
v -6 0.048 -5.3333
v -6.6667 0.035 -6
v -6 0.048 -5.3333
v -6 0.0494 -6
v -6 0.0494 -6
v -6 0.048 -5.3333
v -5.3333 0.0673 -5.3333
v -6 0.0494 -6
v -5.3333 0.0673 -5.3333
v -5.3333 0.0635 -6
v -5.3333 0.0635 -6
v -5.3333 0.0673 -5.3333
v -4.6667 0.0761 -5.3333
v -5.3333 0.0635 -6
v -4.6667 0.0761 -5.3333
v -4.6667 0.0753 -6
v -4.6667 0.0753 -6
v -4.6667 0.0761 -5.3333
v -4 0.0987 -5.3333
v -4.6667 0.0753 -6
v -4 0.0987 -5.3333
v -4 0.09 -6
v -4 0.09 -6
v -4 0.0987 -5.3333
v -3.3333 0.1065 -5.3333
v -4 0.09 -6
v -3.3333 0.1065 -5.3333
v -3.3333 0.1051 -6
v -3.3333 0.1051 -6
v -3.3333 0.1065 -5.3333
v -2.6667 0.1238 -5.3333
v -3.3333 0.1051 -6
v -2.6667 0.1238 -5.3333
v -2.6667 0.1141 -6
v -2.6667 0.1141 -6
v -2.6667 0.1238 -5.3333
v -2 0.1229 -5.3333
v -2.6667 0.1141 -6
v -2 0.1229 -5.3333
v -2 0.1229 -6
v -2 0.1229 -6
v -2 0.1229 -5.3333
v -1.3333 0.1329 -5.3333
v -2 0.1229 -6
v -1.3333 0.1329 -5.3333
v -1.3333 0.1396 -6
v -1.3333 0.1396 -6
v -1.3333 0.1329 -5.3333
v -0.6667 0.1524 -5.3333
v -1.3333 0.1396 -6
v -0.6667 0.1524 -5.3333
v -0.6667 0.1525 -6
v -0.6667 0.1525 -6
v -0.6667 0.1524 -5.3333
v 0 0.158 -5.3333
v -0.6667 0.1525 -6
v 0 0.158 -5.3333
v 0 0.1656 -6
v 0 0.1656 -6
v 0 0.158 -5.3333
v 0.6667 0.1792 -5.3333
v 0 0.1656 -6
v 0.6667 0.1792 -5.3333
v 0.6667 0.1784 -6
v 0.6667 0.1784 -6
v 0.6667 0.1792 -5.3333
v 1.3333 0.1884 -5.3333
v 0.6667 0.1784 -6
v 1.3333 0.1884 -5.3333
v 1.3333 0.1947 -6
v 1.3333 0.1947 -6
v 1.3333 0.1884 -5.3333
v 2 0.2107 -5.3333
v 1.3333 0.1947 -6
v 2 0.2107 -5.3333
v 2 0.2075 -6
v 2 0.2075 -6
v 2 0.2107 -5.3333
v 2.6667 0.2151 -5.3333
v 2 0.2075 -6
v 2.6667 0.2151 -5.3333
v 2.6667 0.2164 -6
v 2.6667 0.2164 -6
v 2.6667 0.2151 -5.3333
v 3.3333 0.2316 -5.3333
v 2.6667 0.2164 -6
v 3.3333 0.2316 -5.3333
v 3.3333 0.2277 -6
v 3.3333 0.2277 -6
v 3.3333 0.2316 -5.3333
v 4 0.2424 -5.3333
v 3.3333 0.2277 -6
v 4 0.2424 -5.3333
v 4 0.2425 -6
v 4 0.2425 -6
v 4 0.2424 -5.3333
v 4.6667 0.2682 -5.3333
v 4 0.2425 -6
v 4.6667 0.2682 -5.3333
v 4.6667 0.2623 -6
v 4.6667 0.2623 -6
v 4.6667 0.2682 -5.3333
v 5.3333 0.2861 -5.3333
v 4.6667 0.2623 -6
v 5.3333 0.2861 -5.3333
v 5.3333 0.2838 -6
v 5.3333 0.2838 -6
v 5.3333 0.2861 -5.3333
v 6 0.292 -5.3333
v 5.3333 0.2838 -6
v 6 0.292 -5.3333
v 6 0.296 -6
v 6 0.296 -6
v 6 0.292 -5.3333
v 6.6667 0.3116 -5.3333
v 6 0.296 -6
v 6.6667 0.3116 -5.3333
v 6.6667 0.3108 -6
v 6.6667 0.3108 -6
v 6.6667 0.3116 -5.3333
v 7.3333 0.3196 -5.3333
v 6.6667 0.3108 -6
v 7.3333 0.3196 -5.3333
v 7.3333 0.3233 -6
v 7.3333 0.3233 -6
v 7.3333 0.3196 -5.3333
v 8 0.3347 -5.3333
v 7.3333 0.3233 -6
v 8 0.3347 -5.3333
v 8 0.3333 -6
v -8 0.0153 -5.3333
v -8 0.019 -4.6667
v -7.3333 0.0218 -4.6667
v -8 0.0153 -5.3333
v -7.3333 0.0218 -4.6667
v -7.3333 0.0186 -5.3333
v -7.3333 0.0186 -5.3333
v -7.3333 0.0218 -4.6667
v -6.6667 0.0409 -4.6667
v -7.3333 0.0186 -5.3333
v -6.6667 0.0409 -4.6667
v -6.6667 0.0379 -5.3333
v -6.6667 0.0379 -5.3333
v -6.6667 0.0409 -4.6667
v -6 0.0498 -4.6667
v -6.6667 0.0379 -5.3333
v -6 0.0498 -4.6667
v -6 0.048 -5.3333
v -6 0.048 -5.3333
v -6 0.0498 -4.6667
v -5.3333 0.069 -4.6667
v -6 0.048 -5.3333
v -5.3333 0.069 -4.6667
v -5.3333 0.0673 -5.3333
v -5.3333 0.0673 -5.3333
v -5.3333 0.069 -4.6667
v -4.6667 0.0786 -4.6667
v -5.3333 0.0673 -5.3333
v -4.6667 0.0786 -4.6667
v -4.6667 0.0761 -5.3333
v -4.6667 0.0761 -5.3333
v -4.6667 0.0786 -4.6667
v -4 0.0999 -4.6667
v -4.6667 0.0761 -5.3333
v -4 0.0999 -4.6667
v -4 0.0987 -5.3333
v -4 0.0987 -5.3333
v -4 0.0999 -4.6667
v -3.3333 0.1077 -4.6667
v -4 0.0987 -5.3333
v -3.3333 0.1077 -4.6667
v -3.3333 0.1065 -5.3333
v -3.3333 0.1065 -5.3333
v -3.3333 0.1077 -4.6667
v -2.6667 0.1238 -4.6667
v -3.3333 0.1065 -5.3333
v -2.6667 0.1238 -4.6667
v -2.6667 0.1238 -5.3333
v -2.6667 0.1238 -5.3333
v -2.6667 0.1238 -4.6667
v -2 0.1238 -4.6667
v -2.6667 0.1238 -5.3333
v -2 0.1238 -4.6667
v -2 0.1229 -5.3333
v -2 0.1229 -5.3333
v -2 0.1238 -4.6667
v -1.3333 0.1368 -4.6667
v -2 0.1229 -5.3333
v -1.3333 0.1368 -4.6667
v -1.3333 0.1329 -5.3333
v -1.3333 0.1329 -5.3333
v -1.3333 0.1368 -4.6667
v -0.6667 0.1562 -4.6667
v -1.3333 0.1329 -5.3333
v -0.6667 0.1562 -4.6667
v -0.6667 0.1524 -5.3333
v -0.6667 0.1524 -5.3333
v -0.6667 0.1562 -4.6667
v 0 0.1619 -4.6667
v -0.6667 0.1524 -5.3333
v 0 0.1619 -4.6667
v 0 0.158 -5.3333
v 0 0.158 -5.3333
v 0 0.1619 -4.6667
v 0.6667 0.1821 -4.6667
v 0 0.158 -5.3333
v 0.6667 0.1821 -4.6667
v 0.6667 0.1792 -5.3333
v 0.6667 0.1792 -5.3333
v 0.6667 0.1821 -4.6667
v 1.3333 0.1916 -4.6667
v 0.6667 0.1792 -5.3333
v 1.3333 0.1916 -4.6667
v 1.3333 0.1884 -5.3333
v 1.3333 0.1884 -5.3333
v 1.3333 0.1916 -4.6667
v 2 0.2147 -4.6667
v 1.3333 0.1884 -5.3333
v 2 0.2147 -4.6667
v 2 0.2107 -5.3333
v 2 0.2107 -5.3333
v 2 0.2147 -4.6667
v 2.6667 0.2178 -4.6667
v 2 0.2107 -5.3333
v 2.6667 0.2178 -4.6667
v 2.6667 0.2151 -5.3333
v 2.6667 0.2151 -5.3333
v 2.6667 0.2178 -4.6667
v 3.3333 0.2337 -4.6667
v 2.6667 0.2151 -5.3333
v 3.3333 0.2337 -4.6667
v 3.3333 0.2316 -5.3333
v 3.3333 0.2316 -5.3333
v 3.3333 0.2337 -4.6667
v 4 0.242 -4.6667
v 3.3333 0.2316 -5.3333
v 4 0.242 -4.6667
v 4 0.2424 -5.3333
v 4 0.2424 -5.3333
v 4 0.242 -4.6667
v 4.6667 0.2673 -4.6667
v 4 0.2424 -5.3333
v 4.6667 0.2673 -4.6667
v 4.6667 0.2682 -5.3333
v 4.6667 0.2682 -5.3333
v 4.6667 0.2673 -4.6667
v 5.3333 0.2865 -4.6667
v 4.6667 0.2682 -5.3333
v 5.3333 0.2865 -4.6667
v 5.3333 0.2861 -5.3333
v 5.3333 0.2861 -5.3333
v 5.3333 0.2865 -4.6667
v 6 0.2914 -4.6667
v 5.3333 0.2861 -5.3333
v 6 0.2914 -4.6667
v 6 0.292 -5.3333
v 6 0.292 -5.3333
v 6 0.2914 -4.6667
v 6.6667 0.3104 -4.6667
v 6 0.292 -5.3333
v 6.6667 0.3104 -4.6667
v 6.6667 0.3116 -5.3333
v 6.6667 0.3116 -5.3333
v 6.6667 0.3104 -4.6667
v 7.3333 0.317 -4.6667
v 6.6667 0.3116 -5.3333
v 7.3333 0.317 -4.6667
v 7.3333 0.3196 -5.3333
v 7.3333 0.3196 -5.3333
v 7.3333 0.317 -4.6667
v 8 0.3323 -4.6667
v 7.3333 0.3196 -5.3333
v 8 0.3323 -4.6667
v 8 0.3347 -5.3333
v -8 0.019 -4.6667
v -8 0.023 -4
v -7.3333 0.0255 -4
v -8 0.019 -4.6667
v -7.3333 0.0255 -4
v -7.3333 0.0218 -4.6667
v -7.3333 0.0218 -4.6667
v -7.3333 0.0255 -4
v -6.6667 0.0447 -4
v -7.3333 0.0218 -4.6667
v -6.6667 0.0447 -4
v -6.6667 0.0409 -4.6667
v -6.6667 0.0409 -4.6667
v -6.6667 0.0447 -4
v -6 0.0547 -4
v -6.6667 0.0409 -4.6667
v -6 0.0547 -4
v -6 0.0498 -4.6667
v -6 0.0498 -4.6667
v -6 0.0547 -4
v -5.3333 0.0741 -4
v -6 0.0498 -4.6667
v -5.3333 0.0741 -4
v -5.3333 0.069 -4.6667
v -5.3333 0.069 -4.6667
v -5.3333 0.0741 -4
v -4.6667 0.0781 -4
v -5.3333 0.069 -4.6667
v -4.6667 0.0781 -4
v -4.6667 0.0786 -4.6667
v -4.6667 0.0786 -4.6667
v -4.6667 0.0781 -4
v -4 0.0984 -4
v -4.6667 0.0786 -4.6667
v -4 0.0984 -4
v -4 0.0999 -4.6667
v -4 0.0999 -4.6667
v -4 0.0984 -4
v -3.3333 0.1063 -4
v -4 0.0999 -4.6667
v -3.3333 0.1063 -4
v -3.3333 0.1077 -4.6667
v -3.3333 0.1077 -4.6667
v -3.3333 0.1063 -4
v -2.6667 0.1238 -4
v -3.3333 0.1077 -4.6667
v -2.6667 0.1238 -4
v -2.6667 0.1238 -4.6667
v -2.6667 0.1238 -4.6667
v -2.6667 0.1238 -4
v -2 0.1253 -4
v -2.6667 0.1238 -4.6667
v -2 0.1253 -4
v -2 0.1238 -4.6667
v -2 0.1238 -4.6667
v -2 0.1253 -4
v -1.3333 0.1416 -4
v -2 0.1238 -4.6667
v -1.3333 0.1416 -4
v -1.3333 0.1368 -4.6667
v -1.3333 0.1368 -4.6667
v -1.3333 0.1416 -4
v -0.6667 0.1618 -4
v -1.3333 0.1368 -4.6667
v -0.6667 0.1618 -4
v -0.6667 0.1562 -4.6667
v -0.6667 0.1562 -4.6667
v -0.6667 0.1618 -4
v 0 0.168 -4
v -0.6667 0.1562 -4.6667
v 0 0.168 -4
v 0 0.1619 -4.6667
v 0 0.1619 -4.6667
v 0 0.168 -4
v 0.6667 0.1898 -4
v 0 0.1619 -4.6667
v 0.6667 0.1898 -4
v 0.6667 0.1821 -4.6667
v 0.6667 0.1821 -4.6667
v 0.6667 0.1898 -4
v 1.3333 0.1994 -4
v 0.6667 0.1821 -4.6667
v 1.3333 0.1994 -4
v 1.3333 0.1916 -4.6667
v 1.3333 0.1916 -4.6667
v 1.3333 0.1994 -4
v 2 0.217 -4
v 1.3333 0.1916 -4.6667
v 2 0.217 -4
v 2 0.2147 -4.6667
v 2 0.2147 -4.6667
v 2 0.217 -4
v 2.6667 0.2191 -4
v 2 0.2147 -4.6667
v 2.6667 0.2191 -4
v 2.6667 0.2178 -4.6667
v 2.6667 0.2178 -4.6667
v 2.6667 0.2191 -4
v 3.3333 0.2341 -4
v 2.6667 0.2178 -4.6667
v 3.3333 0.2341 -4
v 3.3333 0.2337 -4.6667
v 3.3333 0.2337 -4.6667
v 3.3333 0.2341 -4
v 4 0.2414 -4
v 3.3333 0.2337 -4.6667
v 4 0.2414 -4
v 4 0.242 -4.6667
v 4 0.242 -4.6667
v 4 0.2414 -4
v 4.6667 0.2648 -4
v 4 0.242 -4.6667
v 4.6667 0.2648 -4
v 4.6667 0.2673 -4.6667
v 4.6667 0.2673 -4.6667
v 4.6667 0.2648 -4
v 5.3333 0.2851 -4
v 4.6667 0.2673 -4.6667
v 5.3333 0.2851 -4
v 5.3333 0.2865 -4.6667
v 5.3333 0.2865 -4.6667
v 5.3333 0.2851 -4
v 6 0.2892 -4
v 5.3333 0.2865 -4.6667
v 6 0.2892 -4
v 6 0.2914 -4.6667
v 6 0.2914 -4.6667
v 6 0.2892 -4
v 6.6667 0.3078 -4
v 6 0.2914 -4.6667
v 6.6667 0.3078 -4
v 6.6667 0.3104 -4.6667
v 6.6667 0.3104 -4.6667
v 6.6667 0.3078 -4
v 7.3333 0.3157 -4
v 6.6667 0.3104 -4.6667
v 7.3333 0.3157 -4
v 7.3333 0.317 -4.6667
v 7.3333 0.317 -4.6667
v 7.3333 0.3157 -4
v 8 0.3311 -4
v 7.3333 0.317 -4.6667
v 8 0.3311 -4
v 8 0.3323 -4.6667
v -8 0.023 -4
v -8 0.0267 -3.3333
v -7.3333 0.0332 -3.3333
v -8 0.023 -4
v -7.3333 0.0332 -3.3333
v -7.3333 0.0255 -4
v -7.3333 0.0255 -4
v -7.3333 0.0332 -3.3333
v -6.6667 0.0311 -3.3333
v -7.3333 0.0255 -4
v -6.6667 0.0311 -3.3333
v -6.6667 0.0447 -4
v -6.6667 0.0447 -4
v -6.6667 0.0311 -3.3333
v -6 0.0492 -3.3333
v -6.6667 0.0447 -4
v -6 0.0492 -3.3333
v -6 0.0547 -4
v -6 0.0547 -4
v -6 0.0492 -3.3333
v -5.3333 0.0779 -3.3333
v -6 0.0547 -4
v -5.3333 0.0779 -3.3333
v -5.3333 0.0741 -4
v -5.3333 0.0741 -4
v -5.3333 0.0779 -3.3333
v -4.6667 0.0884 -3.3333
v -5.3333 0.0741 -4
v -4.6667 0.0884 -3.3333
v -4.6667 0.0781 -4
v -4.6667 0.0781 -4
v -4.6667 0.0884 -3.3333
v -4 0.0882 -3.3333
v -4.6667 0.0781 -4
v -4 0.0882 -3.3333
v -4 0.0984 -4
v -4 0.0984 -4
v -4 0.0882 -3.3333
v -3.3333 0.1056 -3.3333
v -4 0.0984 -4
v -3.3333 0.1056 -3.3333
v -3.3333 0.1063 -4
v -3.3333 0.1063 -4
v -3.3333 0.1056 -3.3333
v -2.6667 0.1311 -3.3333
v -3.3333 0.1063 -4
v -2.6667 0.1311 -3.3333
v -2.6667 0.1238 -4
v -2.6667 0.1238 -4
v -2.6667 0.1311 -3.3333
v -2 0.1378 -3.3333
v -2.6667 0.1238 -4
v -2 0.1378 -3.3333
v -2 0.1253 -4
v -2 0.1253 -4
v -2 0.1378 -3.3333
v -1.3333 0.1367 -3.3333
v -2 0.1253 -4
v -1.3333 0.1367 -3.3333
v -1.3333 0.1416 -4
v -1.3333 0.1416 -4
v -1.3333 0.1367 -3.3333
v -0.6667 0.1681 -3.3333
v -1.3333 0.1416 -4
v -0.6667 0.1681 -3.3333
v -0.6667 0.1618 -4
v -0.6667 0.1618 -4
v -0.6667 0.1681 -3.3333
v 0 0.1852 -3.3333
v -0.6667 0.1618 -4
v 0 0.1852 -3.3333
v 0 0.168 -4
v 0 0.168 -4
v 0 0.1852 -3.3333
v 0.6667 0.1836 -3.3333
v 0 0.168 -4
v 0.6667 0.1836 -3.3333
v 0.6667 0.1898 -4
v 0.6667 0.1898 -4
v 0.6667 0.1836 -3.3333
v 1.3333 0.1965 -3.3333
v 0.6667 0.1898 -4
v 1.3333 0.1965 -3.3333
v 1.3333 0.1994 -4
v 1.3333 0.1994 -4
v 1.3333 0.1965 -3.3333
v 2 0.2267 -3.3333
v 1.3333 0.1994 -4
v 2 0.2267 -3.3333
v 2 0.217 -4
v 2 0.217 -4
v 2 0.2267 -3.3333
v 2.6667 0.2398 -3.3333
v 2 0.217 -4
v 2.6667 0.2398 -3.3333
v 2.6667 0.2191 -4
v 2.6667 0.2191 -4
v 2.6667 0.2398 -3.3333
v 3.3333 0.2321 -3.3333
v 2.6667 0.2191 -4
v 3.3333 0.2321 -3.3333
v 3.3333 0.2341 -4
v 3.3333 0.2341 -4
v 3.3333 0.2321 -3.3333
v 4 0.2386 -3.3333
v 3.3333 0.2341 -4
v 4 0.2386 -3.3333
v 4 0.2414 -4
v 4 0.2414 -4
v 4 0.2386 -3.3333
v 4.6667 0.2646 -3.3333
v 4 0.2414 -4
v 4.6667 0.2646 -3.3333
v 4.6667 0.2648 -4
v 4.6667 0.2648 -4
v 4.6667 0.2646 -3.3333
v 5.3333 0.2649 -3.3333
v 4.6667 0.2648 -4
v 5.3333 0.2649 -3.3333
v 5.3333 0.2851 -4
v 5.3333 0.2851 -4
v 5.3333 0.2649 -3.3333
v 6 0.2791 -3.3333
v 5.3333 0.2851 -4
v 6 0.2791 -3.3333
v 6 0.2892 -4
v 6 0.2892 -4
v 6 0.2791 -3.3333
v 6.6667 0.3076 -3.3333
v 6 0.2892 -4
v 6.6667 0.3076 -3.3333
v 6.6667 0.3078 -4
v 6.6667 0.3078 -4
v 6.6667 0.3076 -3.3333
v 7.3333 0.3169 -3.3333
v 6.6667 0.3078 -4
v 7.3333 0.3169 -3.3333
v 7.3333 0.3157 -4
v 7.3333 0.3157 -4
v 7.3333 0.3169 -3.3333
v 8 0.3105 -3.3333
v 7.3333 0.3157 -4
v 8 0.3105 -3.3333
v 8 0.3311 -4
v -8 0.0267 -3.3333
v -8 0.0293 -2.6667
v -7.3333 0.0327 -2.6667
v -8 0.0267 -3.3333
v -7.3333 0.0327 -2.6667
v -7.3333 0.0332 -3.3333
v -7.3333 0.0332 -3.3333
v -7.3333 0.0327 -2.6667
v -6.6667 0.028 -2.6667
v -7.3333 0.0332 -3.3333
v -6.6667 0.028 -2.6667
v -6.6667 0.0311 -3.3333
v -6.6667 0.0311 -3.3333
v -6.6667 0.028 -2.6667
v -6 0.0468 -2.6667
v -6.6667 0.0311 -3.3333
v -6 0.0468 -2.6667
v -6 0.0492 -3.3333
v -6 0.0492 -3.3333
v -6 0.0468 -2.6667
v -5.3333 0.0785 -2.6667
v -6 0.0492 -3.3333
v -5.3333 0.0785 -2.6667
v -5.3333 0.0779 -3.3333
v -5.3333 0.0779 -3.3333
v -5.3333 0.0785 -2.6667
v -4.6667 0.0883 -2.6667
v -5.3333 0.0779 -3.3333
v -4.6667 0.0883 -2.6667
v -4.6667 0.0884 -3.3333
v -4.6667 0.0884 -3.3333
v -4.6667 0.0883 -2.6667
v -4 0.0859 -2.6667
v -4.6667 0.0884 -3.3333
v -4 0.0859 -2.6667
v -4 0.0882 -3.3333
v -4 0.0882 -3.3333
v -4 0.0859 -2.6667
v -3.3333 0.1061 -2.6667
v -4 0.0882 -3.3333
v -3.3333 0.1061 -2.6667
v -3.3333 0.1056 -3.3333
v -3.3333 0.1056 -3.3333
v -3.3333 0.1061 -2.6667
v -2.6667 0.1324 -2.6667
v -3.3333 0.1056 -3.3333
v -2.6667 0.1324 -2.6667
v -2.6667 0.1311 -3.3333
v -2.6667 0.1311 -3.3333
v -2.6667 0.1324 -2.6667
v -2 0.1376 -2.6667
v -2.6667 0.1311 -3.3333
v -2 0.1376 -2.6667
v -2 0.1378 -3.3333
v -2 0.1378 -3.3333
v -2 0.1376 -2.6667
v -1.3333 0.1365 -2.6667
v -2 0.1378 -3.3333
v -1.3333 0.1365 -2.6667
v -1.3333 0.1367 -3.3333
v -1.3333 0.1367 -3.3333
v -1.3333 0.1365 -2.6667
v -0.6667 0.1717 -2.6667
v -1.3333 0.1367 -3.3333
v -0.6667 0.1717 -2.6667
v -0.6667 0.1681 -3.3333
v -0.6667 0.1681 -3.3333
v -0.6667 0.1717 -2.6667
v 0 0.1926 -2.6667
v -0.6667 0.1681 -3.3333
v 0 0.1926 -2.6667
v 0 0.1852 -3.3333
v 0 0.1852 -3.3333
v 0 0.1926 -2.6667
v 0.6667 0.1856 -2.6667
v 0 0.1852 -3.3333
v 0.6667 0.1856 -2.6667
v 0.6667 0.1836 -3.3333
v 0.6667 0.1836 -3.3333
v 0.6667 0.1856 -2.6667
v 1.3333 0.1948 -2.6667
v 0.6667 0.1836 -3.3333
v 1.3333 0.1948 -2.6667
v 1.3333 0.1965 -3.3333
v 1.3333 0.1965 -3.3333
v 1.3333 0.1948 -2.6667
v 2 0.231 -2.6667
v 1.3333 0.1965 -3.3333
v 2 0.231 -2.6667
v 2 0.2267 -3.3333
v 2 0.2267 -3.3333
v 2 0.231 -2.6667
v 2.6667 0.2481 -2.6667
v 2 0.2267 -3.3333
v 2.6667 0.2481 -2.6667
v 2.6667 0.2398 -3.3333
v 2.6667 0.2398 -3.3333
v 2.6667 0.2481 -2.6667
v 3.3333 0.2364 -2.6667
v 2.6667 0.2398 -3.3333
v 3.3333 0.2364 -2.6667
v 3.3333 0.2321 -3.3333
v 3.3333 0.2321 -3.3333
v 3.3333 0.2364 -2.6667
v 4 0.2366 -2.6667
v 3.3333 0.2321 -3.3333
v 4 0.2366 -2.6667
v 4 0.2386 -3.3333
v 4 0.2386 -3.3333
v 4 0.2366 -2.6667
v 4.6667 0.2594 -2.6667
v 4 0.2386 -3.3333
v 4.6667 0.2594 -2.6667
v 4.6667 0.2646 -3.3333
v 4.6667 0.2646 -3.3333
v 4.6667 0.2594 -2.6667
v 5.3333 0.259 -2.6667
v 4.6667 0.2646 -3.3333
v 5.3333 0.259 -2.6667
v 5.3333 0.2649 -3.3333
v 5.3333 0.2649 -3.3333
v 5.3333 0.259 -2.6667
v 6 0.2762 -2.6667
v 5.3333 0.2649 -3.3333
v 6 0.2762 -2.6667
v 6 0.2791 -3.3333
v 6 0.2791 -3.3333
v 6 0.2762 -2.6667
v 6.6667 0.3083 -2.6667
v 6 0.2791 -3.3333
v 6.6667 0.3083 -2.6667
v 6.6667 0.3076 -3.3333
v 6.6667 0.3076 -3.3333
v 6.6667 0.3083 -2.6667
v 7.3333 0.3121 -2.6667
v 6.6667 0.3076 -3.3333
v 7.3333 0.3121 -2.6667
v 7.3333 0.3169 -3.3333
v 7.3333 0.3169 -3.3333
v 7.3333 0.3121 -2.6667
v 8 0.302 -2.6667
v 7.3333 0.3169 -3.3333
v 8 0.302 -2.6667
v 8 0.3105 -3.3333
v -8 0.0293 -2.6667
v -8 0.0322 -2
v -7.3333 0.035 -2
v -8 0.0293 -2.6667
v -7.3333 0.035 -2
v -7.3333 0.0327 -2.6667
v -7.3333 0.0327 -2.6667
v -7.3333 0.035 -2
v -6.6667 0.03 -2
v -7.3333 0.0327 -2.6667
v -6.6667 0.03 -2
v -6.6667 0.028 -2.6667
v -6.6667 0.028 -2.6667
v -6.6667 0.03 -2
v -6 0.0507 -2
v -6.6667 0.028 -2.6667
v -6 0.0507 -2
v -6 0.0468 -2.6667
v -6 0.0468 -2.6667
v -6 0.0507 -2
v -5.3333 0.0822 -2
v -6 0.0468 -2.6667
v -5.3333 0.0822 -2
v -5.3333 0.0785 -2.6667
v -5.3333 0.0785 -2.6667
v -5.3333 0.0822 -2
v -4.6667 0.0869 -2
v -5.3333 0.0785 -2.6667
v -4.6667 0.0869 -2
v -4.6667 0.0883 -2.6667
v -4.6667 0.0883 -2.6667
v -4.6667 0.0869 -2
v -4 0.0834 -2
v -4.6667 0.0883 -2.6667
v -4 0.0834 -2
v -4 0.0859 -2.6667
v -4 0.0859 -2.6667
v -4 0.0834 -2
v -3.3333 0.1036 -2
v -4 0.0859 -2.6667
v -3.3333 0.1036 -2
v -3.3333 0.1061 -2.6667
v -3.3333 0.1061 -2.6667
v -3.3333 0.1036 -2
v -2.6667 0.1319 -2
v -3.3333 0.1061 -2.6667
v -2.6667 0.1319 -2
v -2.6667 0.1324 -2.6667
v -2.6667 0.1324 -2.6667
v -2.6667 0.1319 -2
v -2 0.1377 -2
v -2.6667 0.1324 -2.6667
v -2 0.1377 -2
v -2 0.1376 -2.6667
v -2 0.1376 -2.6667
v -2 0.1377 -2
v -1.3333 0.1388 -2
v -2 0.1376 -2.6667
v -1.3333 0.1388 -2
v -1.3333 0.1365 -2.6667
v -1.3333 0.1365 -2.6667
v -1.3333 0.1388 -2
v -0.6667 0.173 -2
v -1.3333 0.1365 -2.6667
v -0.6667 0.173 -2
v -0.6667 0.1717 -2.6667
v -0.6667 0.1717 -2.6667
v -0.6667 0.173 -2
v 0 0.1935 -2
v -0.6667 0.1717 -2.6667
v 0 0.1935 -2
v 0 0.1926 -2.6667
v 0 0.1926 -2.6667
v 0 0.1935 -2
v 0.6667 0.1884 -2
v 0 0.1926 -2.6667
v 0.6667 0.1884 -2
v 0.6667 0.1856 -2.6667
v 0.6667 0.1856 -2.6667
v 0.6667 0.1884 -2
v 1.3333 0.1977 -2
v 0.6667 0.1856 -2.6667
v 1.3333 0.1977 -2
v 1.3333 0.1948 -2.6667
v 1.3333 0.1948 -2.6667
v 1.3333 0.1977 -2
v 2 0.2286 -2
v 1.3333 0.1948 -2.6667
v 2 0.2286 -2
v 2 0.231 -2.6667
v 2 0.231 -2.6667
v 2 0.2286 -2
v 2.6667 0.2447 -2
v 2 0.231 -2.6667
v 2.6667 0.2447 -2
v 2.6667 0.2481 -2.6667
v 2.6667 0.2481 -2.6667
v 2.6667 0.2447 -2
v 3.3333 0.2332 -2
v 2.6667 0.2481 -2.6667
v 3.3333 0.2332 -2
v 3.3333 0.2364 -2.6667
v 3.3333 0.2364 -2.6667
v 3.3333 0.2332 -2
v 4 0.2356 -2
v 3.3333 0.2364 -2.6667
v 4 0.2356 -2
v 4 0.2366 -2.6667
v 4 0.2366 -2.6667
v 4 0.2356 -2
v 4.6667 0.2599 -2
v 4 0.2366 -2.6667
v 4.6667 0.2599 -2
v 4.6667 0.2594 -2.6667
v 4.6667 0.2594 -2.6667
v 4.6667 0.2599 -2
v 5.3333 0.2621 -2
v 4.6667 0.2594 -2.6667
v 5.3333 0.2621 -2
v 5.3333 0.259 -2.6667
v 5.3333 0.259 -2.6667
v 5.3333 0.2621 -2
v 6 0.2788 -2
v 5.3333 0.259 -2.6667
v 6 0.2788 -2
v 6 0.2762 -2.6667
v 6 0.2762 -2.6667
v 6 0.2788 -2
v 6.6667 0.3107 -2
v 6 0.2762 -2.6667
v 6.6667 0.3107 -2
v 6.6667 0.3083 -2.6667
v 6.6667 0.3083 -2.6667
v 6.6667 0.3107 -2
v 7.3333 0.3164 -2
v 6.6667 0.3083 -2.6667
v 7.3333 0.3164 -2
v 7.3333 0.3121 -2.6667
v 7.3333 0.3121 -2.6667
v 7.3333 0.3164 -2
v 8 0.3064 -2
v 7.3333 0.3121 -2.6667
v 8 0.3064 -2
v 8 0.302 -2.6667
v -8 0.0322 -2
v -8 0.0361 -1.3333
v -7.3333 0.0392 -1.3333
v -8 0.0322 -2
v -7.3333 0.0392 -1.3333
v -7.3333 0.035 -2
v -7.3333 0.035 -2
v -7.3333 0.0392 -1.3333
v -6.6667 0.033 -1.3333
v -7.3333 0.035 -2
v -6.6667 0.033 -1.3333
v -6.6667 0.03 -2
v -6.6667 0.03 -2
v -6.6667 0.033 -1.3333
v -6 0.0525 -1.3333
v -6.6667 0.03 -2
v -6 0.0525 -1.3333
v -6 0.0507 -2
v -6 0.0507 -2
v -6 0.0525 -1.3333
v -5.3333 0.083 -1.3333
v -6 0.0507 -2
v -5.3333 0.083 -1.3333
v -5.3333 0.0822 -2
v -5.3333 0.0822 -2
v -5.3333 0.083 -1.3333
v -4.6667 0.0894 -1.3333
v -5.3333 0.0822 -2
v -4.6667 0.0894 -1.3333
v -4.6667 0.0869 -2
v -4.6667 0.0869 -2
v -4.6667 0.0894 -1.3333
v -4 0.0859 -1.3333
v -4.6667 0.0869 -2
v -4 0.0859 -1.3333
v -4 0.0834 -2
v -4 0.0834 -2
v -4 0.0859 -1.3333
v -3.3333 0.1051 -1.3333
v -4 0.0834 -2
v -3.3333 0.1051 -1.3333
v -3.3333 0.1036 -2
v -3.3333 0.1036 -2
v -3.3333 0.1051 -1.3333
v -2.6667 0.1324 -1.3333
v -3.3333 0.1036 -2
v -2.6667 0.1324 -1.3333
v -2.6667 0.1319 -2
v -2.6667 0.1319 -2
v -2.6667 0.1324 -1.3333
v -2 0.1378 -1.3333
v -2.6667 0.1319 -2
v -2 0.1378 -1.3333
v -2 0.1377 -2
v -2 0.1377 -2
v -2 0.1378 -1.3333
v -1.3333 0.1413 -1.3333
v -2 0.1377 -2
v -1.3333 0.1413 -1.3333
v -1.3333 0.1388 -2
v -1.3333 0.1388 -2
v -1.3333 0.1413 -1.3333
v -0.6667 0.1751 -1.3333
v -1.3333 0.1388 -2
v -0.6667 0.1751 -1.3333
v -0.6667 0.173 -2
v -0.6667 0.173 -2
v -0.6667 0.1751 -1.3333
v 0 0.194 -1.3333
v -0.6667 0.173 -2
v 0 0.194 -1.3333
v 0 0.1935 -2
v 0 0.1935 -2
v 0 0.194 -1.3333
v 0.6667 0.1879 -1.3333
v 0 0.1935 -2
v 0.6667 0.1879 -1.3333
v 0.6667 0.1884 -2
v 0.6667 0.1884 -2
v 0.6667 0.1879 -1.3333
v 1.3333 0.1965 -1.3333
v 0.6667 0.1884 -2
v 1.3333 0.1965 -1.3333
v 1.3333 0.1977 -2
v 1.3333 0.1977 -2
v 1.3333 0.1965 -1.3333
v 2 0.229 -1.3333
v 1.3333 0.1977 -2
v 2 0.229 -1.3333
v 2 0.2286 -2
v 2 0.2286 -2
v 2 0.229 -1.3333
v 2.6667 0.2451 -1.3333
v 2 0.2286 -2
v 2.6667 0.2451 -1.3333
v 2.6667 0.2447 -2
v 2.6667 0.2447 -2
v 2.6667 0.2451 -1.3333
v 3.3333 0.233 -1.3333
v 2.6667 0.2447 -2
v 3.3333 0.233 -1.3333
v 3.3333 0.2332 -2
v 3.3333 0.2332 -2
v 3.3333 0.233 -1.3333
v 4 0.2354 -1.3333
v 3.3333 0.2332 -2
v 4 0.2354 -1.3333
v 4 0.2356 -2
v 4 0.2356 -2
v 4 0.2354 -1.3333
v 4.6667 0.2607 -1.3333
v 4 0.2356 -2
v 4.6667 0.2607 -1.3333
v 4.6667 0.2599 -2
v 4.6667 0.2599 -2
v 4.6667 0.2607 -1.3333
v 5.3333 0.2666 -1.3333
v 4.6667 0.2599 -2
v 5.3333 0.2666 -1.3333
v 5.3333 0.2621 -2
v 5.3333 0.2621 -2
v 5.3333 0.2666 -1.3333
v 6 0.284 -1.3333
v 5.3333 0.2621 -2
v 6 0.284 -1.3333
v 6 0.2788 -2
v 6 0.2788 -2
v 6 0.284 -1.3333
v 6.6667 0.3149 -1.3333
v 6 0.2788 -2
v 6.6667 0.3149 -1.3333
v 6.6667 0.3107 -2
v 6.6667 0.3107 -2
v 6.6667 0.3149 -1.3333
v 7.3333 0.3197 -1.3333
v 6.6667 0.3107 -2
v 7.3333 0.3197 -1.3333
v 7.3333 0.3164 -2
v 7.3333 0.3164 -2
v 7.3333 0.3197 -1.3333
v 8 0.3089 -1.3333
v 7.3333 0.3164 -2
v 8 0.3089 -1.3333
v 8 0.3064 -2
v -8 0.0361 -1.3333
v -8 0.0401 -0.6667
v -7.3333 0.0366 -0.6667
v -8 0.0361 -1.3333
v -7.3333 0.0366 -0.6667
v -7.3333 0.0392 -1.3333
v -7.3333 0.0392 -1.3333
v -7.3333 0.0366 -0.6667
v -6.6667 0.0366 -0.6667
v -7.3333 0.0392 -1.3333
v -6.6667 0.0366 -0.6667
v -6.6667 0.033 -1.3333
v -6.6667 0.033 -1.3333
v -6.6667 0.0366 -0.6667
v -6 0.0512 -0.6667
v -6.6667 0.033 -1.3333
v -6 0.0512 -0.6667
v -6 0.0525 -1.3333
v -6 0.0525 -1.3333
v -6 0.0512 -0.6667
v -5.3333 0.0882 -0.6667
v -6 0.0525 -1.3333
v -5.3333 0.0882 -0.6667
v -5.3333 0.083 -1.3333
v -5.3333 0.083 -1.3333
v -5.3333 0.0882 -0.6667
v -4.6667 0.0906 -0.6667
v -5.3333 0.083 -1.3333
v -4.6667 0.0906 -0.6667
v -4.6667 0.0894 -1.3333
v -4.6667 0.0894 -1.3333
v -4.6667 0.0906 -0.6667
v -4 0.0939 -0.6667
v -4.6667 0.0894 -1.3333
v -4 0.0939 -0.6667
v -4 0.0859 -1.3333
v -4 0.0859 -1.3333
v -4 0.0939 -0.6667
v -3.3333 0.1071 -0.6667
v -4 0.0859 -1.3333
v -3.3333 0.1071 -0.6667
v -3.3333 0.1051 -1.3333
v -3.3333 0.1051 -1.3333
v -3.3333 0.1071 -0.6667
v -2.6667 0.1422 -0.6667
v -3.3333 0.1051 -1.3333
v -2.6667 0.1422 -0.6667
v -2.6667 0.1324 -1.3333
v -2.6667 0.1324 -1.3333
v -2.6667 0.1422 -0.6667
v -2 0.1388 -0.6667
v -2.6667 0.1324 -1.3333
v -2 0.1388 -0.6667
v -2 0.1378 -1.3333
v -2 0.1378 -1.3333
v -2 0.1388 -0.6667
v -1.3333 0.1344 -0.6667
v -2 0.1378 -1.3333
v -1.3333 0.1344 -0.6667
v -1.3333 0.1413 -1.3333
v -1.3333 0.1413 -1.3333
v -1.3333 0.1344 -0.6667
v -0.6667 0.1734 -0.6667
v -1.3333 0.1413 -1.3333
v -0.6667 0.1734 -0.6667
v -0.6667 0.1751 -1.3333
v -0.6667 0.1751 -1.3333
v -0.6667 0.1734 -0.6667
v 0 0.1858 -0.6667
v -0.6667 0.1751 -1.3333
v 0 0.1858 -0.6667
v 0 0.194 -1.3333
v 0 0.194 -1.3333
v 0 0.1858 -0.6667
v 0.6667 0.1875 -0.6667
v 0 0.194 -1.3333
v 0.6667 0.1875 -0.6667
v 0.6667 0.1879 -1.3333
v 0.6667 0.1879 -1.3333
v 0.6667 0.1875 -0.6667
v 1.3333 0.1899 -0.6667
v 0.6667 0.1879 -1.3333
v 1.3333 0.1899 -0.6667
v 1.3333 0.1965 -1.3333
v 1.3333 0.1965 -1.3333
v 1.3333 0.1899 -0.6667
v 2 0.2312 -0.6667
v 1.3333 0.1965 -1.3333
v 2 0.2312 -0.6667
v 2 0.229 -1.3333
v 2 0.229 -1.3333
v 2 0.2312 -0.6667
v 2.6667 0.2415 -0.6667
v 2 0.229 -1.3333
v 2.6667 0.2415 -0.6667
v 2.6667 0.2451 -1.3333
v 2.6667 0.2451 -1.3333
v 2.6667 0.2415 -0.6667
v 3.3333 0.2364 -0.6667
v 2.6667 0.2451 -1.3333
v 3.3333 0.2364 -0.6667
v 3.3333 0.233 -1.3333
v 3.3333 0.233 -1.3333
v 3.3333 0.2364 -0.6667
v 4 0.2351 -0.6667
v 3.3333 0.233 -1.3333
v 4 0.2351 -0.6667
v 4 0.2354 -1.3333
v 4 0.2354 -1.3333
v 4 0.2351 -0.6667
v 4.6667 0.2685 -0.6667
v 4 0.2354 -1.3333
v 4.6667 0.2685 -0.6667
v 4.6667 0.2607 -1.3333
v 4.6667 0.2607 -1.3333
v 4.6667 0.2685 -0.6667
v 5.3333 0.2716 -0.6667
v 4.6667 0.2607 -1.3333
v 5.3333 0.2716 -0.6667
v 5.3333 0.2666 -1.3333
v 5.3333 0.2666 -1.3333
v 5.3333 0.2716 -0.6667
v 6 0.2828 -0.6667
v 5.3333 0.2666 -1.3333
v 6 0.2828 -0.6667
v 6 0.284 -1.3333
v 6 0.284 -1.3333
v 6 0.2828 -0.6667
v 6.6667 0.3205 -0.6667
v 6 0.284 -1.3333
v 6.6667 0.3205 -0.6667
v 6.6667 0.3149 -1.3333
v 6.6667 0.3149 -1.3333
v 6.6667 0.3205 -0.6667
v 7.3333 0.3206 -0.6667
v 6.6667 0.3149 -1.3333
v 7.3333 0.3206 -0.6667
v 7.3333 0.3197 -1.3333
v 7.3333 0.3197 -1.3333
v 7.3333 0.3206 -0.6667
v 8 0.3161 -0.6667
v 7.3333 0.3197 -1.3333
v 8 0.3161 -0.6667
v 8 0.3089 -1.3333
v -8 0.0401 -0.6667
v -8 0.0435 0
v -7.3333 0.0397 0
v -8 0.0401 -0.6667
v -7.3333 0.0397 0
v -7.3333 0.0366 -0.6667
v -7.3333 0.0366 -0.6667
v -7.3333 0.0397 0
v -6.6667 0.0394 0
v -7.3333 0.0366 -0.6667
v -6.6667 0.0394 0
v -6.6667 0.0366 -0.6667
v -6.6667 0.0366 -0.6667
v -6.6667 0.0394 0
v -6 0.0532 0
v -6.6667 0.0366 -0.6667
v -6 0.0532 0
v -6 0.0512 -0.6667
v -6 0.0512 -0.6667
v -6 0.0532 0
v -5.3333 0.09 0
v -6 0.0512 -0.6667
v -5.3333 0.09 0
v -5.3333 0.0882 -0.6667
v -5.3333 0.0882 -0.6667
v -5.3333 0.09 0
v -4.6667 0.0945 0
v -5.3333 0.0882 -0.6667
v -4.6667 0.0945 0
v -4.6667 0.0906 -0.6667
v -4.6667 0.0906 -0.6667
v -4.6667 0.0945 0
v -4 0.0982 0
v -4.6667 0.0906 -0.6667
v -4 0.0982 0
v -4 0.0939 -0.6667
v -4 0.0939 -0.6667
v -4 0.0982 0
v -3.3333 0.1115 0
v -4 0.0939 -0.6667
v -3.3333 0.1115 0
v -3.3333 0.1071 -0.6667
v -3.3333 0.1071 -0.6667
v -3.3333 0.1115 0
v -2.6667 0.1457 0
v -3.3333 0.1071 -0.6667
v -2.6667 0.1457 0
v -2.6667 0.1422 -0.6667
v -2.6667 0.1422 -0.6667
v -2.6667 0.1457 0
v -2 0.1395 0
v -2.6667 0.1422 -0.6667
v -2 0.1395 0
v -2 0.1388 -0.6667
v -2 0.1388 -0.6667
v -2 0.1395 0
v -1.3333 0.1339 0
v -2 0.1388 -0.6667
v -1.3333 0.1339 0
v -1.3333 0.1344 -0.6667
v -1.3333 0.1344 -0.6667
v -1.3333 0.1339 0
v -0.6667 0.1722 0
v -1.3333 0.1344 -0.6667
v -0.6667 0.1722 0
v -0.6667 0.1734 -0.6667
v -0.6667 0.1734 -0.6667
v -0.6667 0.1722 0
v 0 0.1843 0
v -0.6667 0.1734 -0.6667
v 0 0.1843 0
v 0 0.1858 -0.6667
v 0 0.1858 -0.6667
v 0 0.1843 0
v 0.6667 0.185 0
v 0 0.1858 -0.6667
v 0.6667 0.185 0
v 0.6667 0.1875 -0.6667
v 0.6667 0.1875 -0.6667
v 0.6667 0.185 0
v 1.3333 0.1874 0
v 0.6667 0.1875 -0.6667
v 1.3333 0.1874 0
v 1.3333 0.1899 -0.6667
v 1.3333 0.1899 -0.6667
v 1.3333 0.1874 0
v 2 0.2307 0
v 1.3333 0.1899 -0.6667
v 2 0.2307 0
v 2 0.2312 -0.6667
v 2 0.2312 -0.6667
v 2 0.2307 0
v 2.6667 0.2416 0
v 2 0.2312 -0.6667
v 2.6667 0.2416 0
v 2.6667 0.2415 -0.6667
v 2.6667 0.2415 -0.6667
v 2.6667 0.2416 0
v 3.3333 0.2368 0
v 2.6667 0.2415 -0.6667
v 3.3333 0.2368 0
v 3.3333 0.2364 -0.6667
v 3.3333 0.2364 -0.6667
v 3.3333 0.2368 0
v 4 0.2352 0
v 3.3333 0.2364 -0.6667
v 4 0.2352 0
v 4 0.2351 -0.6667
v 4 0.2351 -0.6667
v 4 0.2352 0
v 4.6667 0.2702 0
v 4 0.2351 -0.6667
v 4.6667 0.2702 0
v 4.6667 0.2685 -0.6667
v 4.6667 0.2685 -0.6667
v 4.6667 0.2702 0
v 5.3333 0.2761 0
v 4.6667 0.2685 -0.6667
v 5.3333 0.2761 0
v 5.3333 0.2716 -0.6667
v 5.3333 0.2716 -0.6667
v 5.3333 0.2761 0
v 6 0.2877 0
v 5.3333 0.2716 -0.6667
v 6 0.2877 0
v 6 0.2828 -0.6667
v 6 0.2828 -0.6667
v 6 0.2877 0
v 6.6667 0.3255 0
v 6 0.2828 -0.6667
v 6.6667 0.3255 0
v 6.6667 0.3205 -0.6667
v 6.6667 0.3205 -0.6667
v 6.6667 0.3255 0
v 7.3333 0.3251 0
v 6.6667 0.3205 -0.6667
v 7.3333 0.3251 0
v 7.3333 0.3206 -0.6667
v 7.3333 0.3206 -0.6667
v 7.3333 0.3251 0
v 8 0.3207 0
v 7.3333 0.3206 -0.6667
v 8 0.3207 0
v 8 0.3161 -0.6667
v -8 0.0435 0
v -8 0.0471 0.6667
v -7.3333 0.0459 0.6667
v -8 0.0435 0
v -7.3333 0.0459 0.6667
v -7.3333 0.0397 0
v -7.3333 0.0397 0
v -7.3333 0.0459 0.6667
v -6.6667 0.048 0.6667
v -7.3333 0.0397 0
v -6.6667 0.048 0.6667
v -6.6667 0.0394 0
v -6.6667 0.0394 0
v -6.6667 0.048 0.6667
v -6 0.0527 0.6667
v -6.6667 0.0394 0
v -6 0.0527 0.6667
v -6 0.0532 0
v -6 0.0532 0
v -6 0.0527 0.6667
v -5.3333 0.0801 0.6667
v -6 0.0532 0
v -5.3333 0.0801 0.6667
v -5.3333 0.09 0
v -5.3333 0.09 0
v -5.3333 0.0801 0.6667
v -4.6667 0.083 0.6667
v -5.3333 0.09 0
v -4.6667 0.083 0.6667
v -4.6667 0.0945 0
v -4.6667 0.0945 0
v -4.6667 0.083 0.6667
v -4 0.0904 0.6667
v -4.6667 0.0945 0
v -4 0.0904 0.6667
v -4 0.0982 0
v -4 0.0982 0
v -4 0.0904 0.6667
v -3.3333 0.1083 0.6667
v -4 0.0982 0
v -3.3333 0.1083 0.6667
v -3.3333 0.1115 0
v -3.3333 0.1115 0
v -3.3333 0.1083 0.6667
v -2.6667 0.1478 0.6667
v -3.3333 0.1115 0
v -2.6667 0.1478 0.6667
v -2.6667 0.1457 0
v -2.6667 0.1457 0
v -2.6667 0.1478 0.6667
v -2 0.1457 0.6667
v -2.6667 0.1457 0
v -2 0.1457 0.6667
v -2 0.1395 0
v -2 0.1395 0
v -2 0.1457 0.6667
v -1.3333 0.145 0.6667
v -2 0.1395 0
v -1.3333 0.145 0.6667
v -1.3333 0.1339 0
v -1.3333 0.1339 0
v -1.3333 0.145 0.6667
v -0.6667 0.1731 0.6667
v -1.3333 0.1339 0
v -0.6667 0.1731 0.6667
v -0.6667 0.1722 0
v -0.6667 0.1722 0
v -0.6667 0.1731 0.6667
v 0 0.1757 0.6667
v -0.6667 0.1722 0
v 0 0.1757 0.6667
v 0 0.1843 0
v 0 0.1843 0
v 0 0.1757 0.6667
v 0.6667 0.1818 0.6667
v 0 0.1843 0
v 0.6667 0.1818 0.6667
v 0.6667 0.185 0
v 0.6667 0.185 0
v 0.6667 0.1818 0.6667
v 1.3333 0.1888 0.6667
v 0.6667 0.185 0
v 1.3333 0.1888 0.6667
v 1.3333 0.1874 0
v 1.3333 0.1874 0
v 1.3333 0.1888 0.6667
v 2 0.2314 0.6667
v 1.3333 0.1874 0
v 2 0.2314 0.6667
v 2 0.2307 0
v 2 0.2307 0
v 2 0.2314 0.6667
v 2.6667 0.2453 0.6667
v 2 0.2307 0
v 2.6667 0.2453 0.6667
v 2.6667 0.2416 0
v 2.6667 0.2416 0
v 2.6667 0.2453 0.6667
v 3.3333 0.2437 0.6667
v 2.6667 0.2416 0
v 3.3333 0.2437 0.6667
v 3.3333 0.2368 0
v 3.3333 0.2368 0
v 3.3333 0.2437 0.6667
v 4 0.2465 0.6667
v 3.3333 0.2368 0
v 4 0.2465 0.6667
v 4 0.2352 0
v 4 0.2352 0
v 4 0.2465 0.6667
v 4.6667 0.2729 0.6667
v 4 0.2352 0
v 4.6667 0.2729 0.6667
v 4.6667 0.2702 0
v 4.6667 0.2702 0
v 4.6667 0.2729 0.6667
v 5.3333 0.2725 0.6667
v 4.6667 0.2702 0
v 5.3333 0.2725 0.6667
v 5.3333 0.2761 0
v 5.3333 0.2761 0
v 5.3333 0.2725 0.6667
v 6 0.2885 0.6667
v 5.3333 0.2761 0
v 6 0.2885 0.6667
v 6 0.2877 0
v 6 0.2877 0
v 6 0.2885 0.6667
v 6.6667 0.3319 0.6667
v 6 0.2877 0
v 6.6667 0.3319 0.6667
v 6.6667 0.3255 0
v 6.6667 0.3255 0
v 6.6667 0.3319 0.6667
v 7.3333 0.3381 0.6667
v 6.6667 0.3255 0
v 7.3333 0.3381 0.6667
v 7.3333 0.3251 0
v 7.3333 0.3251 0
v 7.3333 0.3381 0.6667
v 8 0.338 0.6667
v 7.3333 0.3251 0
v 8 0.338 0.6667
v 8 0.3207 0
v -8 0.0471 0.6667
v -8 0.0512 1.3333
v -7.3333 0.0589 1.3333
v -8 0.0471 0.6667
v -7.3333 0.0589 1.3333
v -7.3333 0.0459 0.6667
v -7.3333 0.0459 0.6667
v -7.3333 0.0589 1.3333
v -6.6667 0.0687 1.3333
v -7.3333 0.0459 0.6667
v -6.6667 0.0687 1.3333
v -6.6667 0.048 0.6667
v -6.6667 0.048 0.6667
v -6.6667 0.0687 1.3333
v -6 0.0666 1.3333
v -6.6667 0.048 0.6667
v -6 0.0666 1.3333
v -6 0.0527 0.6667
v -6 0.0527 0.6667
v -6 0.0666 1.3333
v -5.3333 0.0406 1.3333
v -6 0.0527 0.6667
v -5.3333 0.0406 1.3333
v -5.3333 0.0801 0.6667
v -5.3333 0.0801 0.6667
v -5.3333 0.0406 1.3333
v -4.6667 0.0561 1.3333
v -5.3333 0.0801 0.6667
v -4.6667 0.0561 1.3333
v -4.6667 0.083 0.6667
v -4.6667 0.083 0.6667
v -4.6667 0.0561 1.3333
v -4 0.0752 1.3333
v -4.6667 0.083 0.6667
v -4 0.0752 1.3333
v -4 0.0904 0.6667
v -4 0.0904 0.6667
v -4 0.0752 1.3333
v -3.3333 0.106 1.3333
v -4 0.0904 0.6667
v -3.3333 0.106 1.3333
v -3.3333 0.1083 0.6667
v -3.3333 0.1083 0.6667
v -3.3333 0.106 1.3333
v -2.6667 0.1551 1.3333
v -3.3333 0.1083 0.6667
v -2.6667 0.1551 1.3333
v -2.6667 0.1478 0.6667
v -2.6667 0.1478 0.6667
v -2.6667 0.1551 1.3333
v -2 0.1634 1.3333
v -2.6667 0.1478 0.6667
v -2 0.1634 1.3333
v -2 0.1457 0.6667
v -2 0.1457 0.6667
v -2 0.1634 1.3333
v -1.3333 0.1737 1.3333
v -2 0.1457 0.6667
v -1.3333 0.1737 1.3333
v -1.3333 0.145 0.6667
v -1.3333 0.145 0.6667
v -1.3333 0.1737 1.3333
v -0.6667 0.1473 1.3333
v -1.3333 0.145 0.6667
v -0.6667 0.1473 1.3333
v -0.6667 0.1731 0.6667
v -0.6667 0.1731 0.6667
v -0.6667 0.1473 1.3333
v 0 0.1469 1.3333
v -0.6667 0.1731 0.6667
v 0 0.1469 1.3333
v 0 0.1757 0.6667
v 0 0.1757 0.6667
v 0 0.1469 1.3333
v 0.6667 0.1626 1.3333
v 0 0.1757 0.6667
v 0.6667 0.1626 1.3333
v 0.6667 0.1818 0.6667
v 0.6667 0.1818 0.6667
v 0.6667 0.1626 1.3333
v 1.3333 0.1827 1.3333
v 0.6667 0.1818 0.6667
v 1.3333 0.1827 1.3333
v 1.3333 0.1888 0.6667
v 1.3333 0.1888 0.6667
v 1.3333 0.1827 1.3333
v 2 0.239 1.3333
v 1.3333 0.1888 0.6667
v 2 0.239 1.3333
v 2 0.2314 0.6667
v 2 0.2314 0.6667
v 2 0.239 1.3333
v 2.6667 0.2633 1.3333
v 2 0.2314 0.6667
v 2.6667 0.2633 1.3333
v 2.6667 0.2453 0.6667
v 2.6667 0.2453 0.6667
v 2.6667 0.2633 1.3333
v 3.3333 0.2714 1.3333
v 2.6667 0.2453 0.6667
v 3.3333 0.2714 1.3333
v 3.3333 0.2437 0.6667
v 3.3333 0.2437 0.6667
v 3.3333 0.2714 1.3333
v 4 0.281 1.3333
v 3.3333 0.2437 0.6667
v 4 0.281 1.3333
v 4 0.2465 0.6667
v 4 0.2465 0.6667
v 4 0.281 1.3333
v 4.6667 0.2549 1.3333
v 4 0.2465 0.6667
v 4.6667 0.2549 1.3333
v 4.6667 0.2729 0.6667
v 4.6667 0.2729 0.6667
v 4.6667 0.2549 1.3333
v 5.3333 0.2545 1.3333
v 4.6667 0.2729 0.6667
v 5.3333 0.2545 1.3333
v 5.3333 0.2725 0.6667
v 5.3333 0.2725 0.6667
v 5.3333 0.2545 1.3333
v 6 0.2825 1.3333
v 5.3333 0.2725 0.6667
v 6 0.2825 1.3333
v 6 0.2885 0.6667
v 6 0.2885 0.6667
v 6 0.2825 1.3333
v 6.6667 0.3399 1.3333
v 6 0.2885 0.6667
v 6.6667 0.3399 1.3333
v 6.6667 0.3319 0.6667
v 6.6667 0.3319 0.6667
v 6.6667 0.3399 1.3333
v 7.3333 0.3583 1.3333
v 6.6667 0.3319 0.6667
v 7.3333 0.3583 1.3333
v 7.3333 0.3381 0.6667
v 7.3333 0.3381 0.6667
v 7.3333 0.3583 1.3333
v 8 0.3704 1.3333
v 7.3333 0.3381 0.6667
v 8 0.3704 1.3333
v 8 0.338 0.6667
v -8 0.0512 1.3333
v -8 0.0549 2
v -7.3333 0.0611 2
v -8 0.0512 1.3333
v -7.3333 0.0611 2
v -7.3333 0.0589 1.3333
v -7.3333 0.0589 1.3333
v -7.3333 0.0611 2
v -6.6667 0.0679 2
v -7.3333 0.0589 1.3333
v -6.6667 0.0679 2
v -6.6667 0.0687 1.3333
v -6.6667 0.0687 1.3333
v -6.6667 0.0679 2
v -6 0.0622 2
v -6.6667 0.0687 1.3333
v -6 0.0622 2
v -6 0.0666 1.3333
v -6 0.0666 1.3333
v -6 0.0622 2
v -5.3333 0.0349 2
v -6 0.0666 1.3333
v -5.3333 0.0349 2
v -5.3333 0.0406 1.3333
v -5.3333 0.0406 1.3333
v -5.3333 0.0349 2
v -4.6667 0.0521 2
v -5.3333 0.0406 1.3333
v -4.6667 0.0521 2
v -4.6667 0.0561 1.3333
v -4.6667 0.0561 1.3333
v -4.6667 0.0521 2
v -4 0.0727 2
v -4.6667 0.0561 1.3333
v -4 0.0727 2
v -4 0.0752 1.3333
v -4 0.0752 1.3333
v -4 0.0727 2
v -3.3333 0.1059 2
v -4 0.0752 1.3333
v -3.3333 0.1059 2
v -3.3333 0.106 1.3333
v -3.3333 0.106 1.3333
v -3.3333 0.1059 2
v -2.6667 0.1552 2
v -3.3333 0.106 1.3333
v -2.6667 0.1552 2
v -2.6667 0.1551 1.3333
v -2.6667 0.1551 1.3333
v -2.6667 0.1552 2
v -2 0.1632 2
v -2.6667 0.1551 1.3333
v -2 0.1632 2
v -2 0.1634 1.3333
v -2 0.1634 1.3333
v -2 0.1632 2
v -1.3333 0.1738 2
v -2 0.1634 1.3333
v -1.3333 0.1738 2
v -1.3333 0.1737 1.3333
v -1.3333 0.1737 1.3333
v -1.3333 0.1738 2
v -0.6667 0.1452 2
v -1.3333 0.1737 1.3333
v -0.6667 0.1452 2
v -0.6667 0.1473 1.3333
v -0.6667 0.1473 1.3333
v -0.6667 0.1452 2
v 0 0.1436 2
v -0.6667 0.1473 1.3333
v 0 0.1436 2
v 0 0.1469 1.3333
v 0 0.1469 1.3333
v 0 0.1436 2
v 0.6667 0.1596 2
v 0 0.1469 1.3333
v 0.6667 0.1596 2
v 0.6667 0.1626 1.3333
v 0.6667 0.1626 1.3333
v 0.6667 0.1596 2
v 1.3333 0.1822 2
v 0.6667 0.1626 1.3333
v 1.3333 0.1822 2
v 1.3333 0.1827 1.3333
v 1.3333 0.1827 1.3333
v 1.3333 0.1822 2
v 2 0.2415 2
v 1.3333 0.1827 1.3333
v 2 0.2415 2
v 2 0.239 1.3333
v 2 0.239 1.3333
v 2 0.2415 2
v 2.6667 0.2659 2
v 2 0.239 1.3333
v 2.6667 0.2659 2
v 2.6667 0.2633 1.3333
v 2.6667 0.2633 1.3333
v 2.6667 0.2659 2
v 3.3333 0.2731 2
v 2.6667 0.2633 1.3333
v 3.3333 0.2731 2
v 3.3333 0.2714 1.3333
v 3.3333 0.2714 1.3333
v 3.3333 0.2731 2
v 4 0.2802 2
v 3.3333 0.2714 1.3333
v 4 0.2802 2
v 4 0.281 1.3333
v 4 0.281 1.3333
v 4 0.2802 2
v 4.6667 0.2533 2
v 4 0.281 1.3333
v 4.6667 0.2533 2
v 4.6667 0.2549 1.3333
v 4.6667 0.2549 1.3333
v 4.6667 0.2533 2
v 5.3333 0.2545 2
v 4.6667 0.2549 1.3333
v 5.3333 0.2545 2
v 5.3333 0.2545 1.3333
v 5.3333 0.2545 1.3333
v 5.3333 0.2545 2
v 6 0.284 2
v 5.3333 0.2545 1.3333
v 6 0.284 2
v 6 0.2825 1.3333
v 6 0.2825 1.3333
v 6 0.284 2
v 6.6667 0.3448 2
v 6 0.2825 1.3333
v 6.6667 0.3448 2
v 6.6667 0.3399 1.3333
v 6.6667 0.3399 1.3333
v 6.6667 0.3448 2
v 7.3333 0.3657 2
v 6.6667 0.3399 1.3333
v 7.3333 0.3657 2
v 7.3333 0.3583 1.3333
v 7.3333 0.3583 1.3333
v 7.3333 0.3657 2
v 8 0.3795 2
v 7.3333 0.3583 1.3333
v 8 0.3795 2
v 8 0.3704 1.3333
v -8 0.0549 2
v -8 0.0574 2.6667
v -7.3333 0.0627 2.6667
v -8 0.0549 2
v -7.3333 0.0627 2.6667
v -7.3333 0.0611 2
v -7.3333 0.0611 2
v -7.3333 0.0627 2.6667
v -6.6667 0.0684 2.6667
v -7.3333 0.0611 2
v -6.6667 0.0684 2.6667
v -6.6667 0.0679 2
v -6.6667 0.0679 2
v -6.6667 0.0684 2.6667
v -6 0.0632 2.6667
v -6.6667 0.0679 2
v -6 0.0632 2.6667
v -6 0.0622 2
v -6 0.0622 2
v -6 0.0632 2.6667
v -5.3333 0.0356 2.6667
v -6 0.0622 2
v -5.3333 0.0356 2.6667
v -5.3333 0.0349 2
v -5.3333 0.0349 2
v -5.3333 0.0356 2.6667
v -4.6667 0.0476 2.6667
v -5.3333 0.0349 2
v -4.6667 0.0476 2.6667
v -4.6667 0.0521 2
v -4.6667 0.0521 2
v -4.6667 0.0476 2.6667
v -4 0.0682 2.6667
v -4.6667 0.0521 2
v -4 0.0682 2.6667
v -4 0.0727 2
v -4 0.0727 2
v -4 0.0682 2.6667
v -3.3333 0.103 2.6667
v -4 0.0727 2
v -3.3333 0.103 2.6667
v -3.3333 0.1059 2
v -3.3333 0.1059 2
v -3.3333 0.103 2.6667
v -2.6667 0.1543 2.6667
v -3.3333 0.1059 2
v -2.6667 0.1543 2.6667
v -2.6667 0.1552 2
v -2.6667 0.1552 2
v -2.6667 0.1543 2.6667
v -2 0.1628 2.6667
v -2.6667 0.1552 2
v -2 0.1628 2.6667
v -2 0.1632 2
v -2 0.1632 2
v -2 0.1628 2.6667
v -1.3333 0.1748 2.6667
v -2 0.1632 2
v -1.3333 0.1748 2.6667
v -1.3333 0.1738 2
v -1.3333 0.1738 2
v -1.3333 0.1748 2.6667
v -0.6667 0.1449 2.6667
v -1.3333 0.1738 2
v -0.6667 0.1449 2.6667
v -0.6667 0.1452 2
v -0.6667 0.1452 2
v -0.6667 0.1449 2.6667
v 0 0.1432 2.6667
v -0.6667 0.1452 2
v 0 0.1432 2.6667
v 0 0.1436 2
v 0 0.1436 2
v 0 0.1432 2.6667
v 0.6667 0.1611 2.6667
v 0 0.1436 2
v 0.6667 0.1611 2.6667
v 0.6667 0.1596 2
v 0.6667 0.1596 2
v 0.6667 0.1611 2.6667
v 1.3333 0.1849 2.6667
v 0.6667 0.1596 2
v 1.3333 0.1849 2.6667
v 1.3333 0.1822 2
v 1.3333 0.1822 2
v 1.3333 0.1849 2.6667
v 2 0.2399 2.6667
v 1.3333 0.1822 2
v 2 0.2399 2.6667
v 2 0.2415 2
v 2 0.2415 2
v 2 0.2399 2.6667
v 2.6667 0.2637 2.6667
v 2 0.2415 2
v 2.6667 0.2637 2.6667
v 2.6667 0.2659 2
v 2.6667 0.2659 2
v 2.6667 0.2637 2.6667
v 3.3333 0.271 2.6667
v 2.6667 0.2659 2
v 3.3333 0.271 2.6667
v 3.3333 0.2731 2
v 3.3333 0.2731 2
v 3.3333 0.271 2.6667
v 4 0.2788 2.6667
v 3.3333 0.2731 2
v 4 0.2788 2.6667
v 4 0.2802 2
v 4 0.2802 2
v 4 0.2788 2.6667
v 4.6667 0.2518 2.6667
v 4 0.2802 2
v 4.6667 0.2518 2.6667
v 4.6667 0.2533 2
v 4.6667 0.2533 2
v 4.6667 0.2518 2.6667
v 5.3333 0.2553 2.6667
v 4.6667 0.2533 2
v 5.3333 0.2553 2.6667
v 5.3333 0.2545 2
v 5.3333 0.2545 2
v 5.3333 0.2553 2.6667
v 6 0.2855 2.6667
v 5.3333 0.2545 2
v 6 0.2855 2.6667
v 6 0.284 2
v 6 0.284 2
v 6 0.2855 2.6667
v 6.6667 0.3479 2.6667
v 6 0.284 2
v 6.6667 0.3479 2.6667
v 6.6667 0.3448 2
v 6.6667 0.3448 2
v 6.6667 0.3479 2.6667
v 7.3333 0.3719 2.6667
v 6.6667 0.3448 2
v 7.3333 0.3719 2.6667
v 7.3333 0.3657 2
v 7.3333 0.3657 2
v 7.3333 0.3719 2.6667
v 8 0.3863 2.6667
v 7.3333 0.3657 2
v 8 0.3863 2.6667
v 8 0.3795 2
v -8 0.0574 2.6667
v -8 0.0603 3.3333
v -7.3333 0.0659 3.3333
v -8 0.0574 2.6667
v -7.3333 0.0659 3.3333
v -7.3333 0.0627 2.6667
v -7.3333 0.0627 2.6667
v -7.3333 0.0659 3.3333
v -6.6667 0.0704 3.3333
v -7.3333 0.0627 2.6667
v -6.6667 0.0704 3.3333
v -6.6667 0.0684 2.6667
v -6.6667 0.0684 2.6667
v -6.6667 0.0704 3.3333
v -6 0.064 3.3333
v -6.6667 0.0684 2.6667
v -6 0.064 3.3333
v -6 0.0632 2.6667
v -6 0.0632 2.6667
v -6 0.064 3.3333
v -5.3333 0.0354 3.3333
v -6 0.0632 2.6667
v -5.3333 0.0354 3.3333
v -5.3333 0.0356 2.6667
v -5.3333 0.0356 2.6667
v -5.3333 0.0354 3.3333
v -4.6667 0.0506 3.3333
v -5.3333 0.0356 2.6667
v -4.6667 0.0506 3.3333
v -4.6667 0.0476 2.6667
v -4.6667 0.0476 2.6667
v -4.6667 0.0506 3.3333
v -4 0.0728 3.3333
v -4.6667 0.0476 2.6667
v -4 0.0728 3.3333
v -4 0.0682 2.6667
v -4 0.0682 2.6667
v -4 0.0728 3.3333
v -3.3333 0.1065 3.3333
v -4 0.0682 2.6667
v -3.3333 0.1065 3.3333
v -3.3333 0.103 2.6667
v -3.3333 0.103 2.6667
v -3.3333 0.1065 3.3333
v -2.6667 0.1569 3.3333
v -3.3333 0.103 2.6667
v -2.6667 0.1569 3.3333
v -2.6667 0.1543 2.6667
v -2.6667 0.1543 2.6667
v -2.6667 0.1569 3.3333
v -2 0.1621 3.3333
v -2.6667 0.1543 2.6667
v -2 0.1621 3.3333
v -2 0.1628 2.6667
v -2 0.1628 2.6667
v -2 0.1621 3.3333
v -1.3333 0.1738 3.3333
v -2 0.1628 2.6667
v -1.3333 0.1738 3.3333
v -1.3333 0.1748 2.6667
v -1.3333 0.1748 2.6667
v -1.3333 0.1738 3.3333
v -0.6667 0.1441 3.3333
v -1.3333 0.1748 2.6667
v -0.6667 0.1441 3.3333
v -0.6667 0.1449 2.6667
v -0.6667 0.1449 2.6667
v -0.6667 0.1441 3.3333
v 0 0.141 3.3333
v -0.6667 0.1449 2.6667
v 0 0.141 3.3333
v 0 0.1432 2.6667
v 0 0.1432 2.6667
v 0 0.141 3.3333
v 0.6667 0.1579 3.3333
v 0 0.1432 2.6667
v 0.6667 0.1579 3.3333
v 0.6667 0.1611 2.6667
v 0.6667 0.1611 2.6667
v 0.6667 0.1579 3.3333
v 1.3333 0.1809 3.3333
v 0.6667 0.1611 2.6667
v 1.3333 0.1809 3.3333
v 1.3333 0.1849 2.6667
v 1.3333 0.1849 2.6667
v 1.3333 0.1809 3.3333
v 2 0.2391 3.3333
v 1.3333 0.1849 2.6667
v 2 0.2391 3.3333
v 2 0.2399 2.6667
v 2 0.2399 2.6667
v 2 0.2391 3.3333
v 2.6667 0.2644 3.3333
v 2 0.2399 2.6667
v 2.6667 0.2644 3.3333
v 2.6667 0.2637 2.6667
v 2.6667 0.2637 2.6667
v 2.6667 0.2644 3.3333
v 3.3333 0.2709 3.3333
v 2.6667 0.2637 2.6667
v 3.3333 0.2709 3.3333
v 3.3333 0.271 2.6667
v 3.3333 0.271 2.6667
v 3.3333 0.2709 3.3333
v 4 0.278 3.3333
v 3.3333 0.271 2.6667
v 4 0.278 3.3333
v 4 0.2788 2.6667
v 4 0.2788 2.6667
v 4 0.278 3.3333
v 4.6667 0.2513 3.3333
v 4 0.2788 2.6667
v 4.6667 0.2513 3.3333
v 4.6667 0.2518 2.6667
v 4.6667 0.2518 2.6667
v 4.6667 0.2513 3.3333
v 5.3333 0.2579 3.3333
v 4.6667 0.2518 2.6667
v 5.3333 0.2579 3.3333
v 5.3333 0.2553 2.6667
v 5.3333 0.2553 2.6667
v 5.3333 0.2579 3.3333
v 6 0.2882 3.3333
v 5.3333 0.2553 2.6667
v 6 0.2882 3.3333
v 6 0.2855 2.6667
v 6 0.2855 2.6667
v 6 0.2882 3.3333
v 6.6667 0.3494 3.3333
v 6 0.2855 2.6667
v 6.6667 0.3494 3.3333
v 6.6667 0.3479 2.6667
v 6.6667 0.3479 2.6667
v 6.6667 0.3494 3.3333
v 7.3333 0.3722 3.3333
v 6.6667 0.3479 2.6667
v 7.3333 0.3722 3.3333
v 7.3333 0.3719 2.6667
v 7.3333 0.3719 2.6667
v 7.3333 0.3722 3.3333
v 8 0.3857 3.3333
v 7.3333 0.3719 2.6667
v 8 0.3857 3.3333
v 8 0.3863 2.6667
v -8 0.0603 3.3333
v -8 0.0646 4
v -7.3333 0.0633 4
v -8 0.0603 3.3333
v -7.3333 0.0633 4
v -7.3333 0.0659 3.3333
v -7.3333 0.0659 3.3333
v -7.3333 0.0633 4
v -6.6667 0.0736 4
v -7.3333 0.0659 3.3333
v -6.6667 0.0736 4
v -6.6667 0.0704 3.3333
v -6.6667 0.0704 3.3333
v -6.6667 0.0736 4
v -6 0.0626 4
v -6.6667 0.0704 3.3333
v -6 0.0626 4
v -6 0.064 3.3333
v -6 0.064 3.3333
v -6 0.0626 4
v -5.3333 0.04 4
v -6 0.064 3.3333
v -5.3333 0.04 4
v -5.3333 0.0354 3.3333
v -5.3333 0.0354 3.3333
v -5.3333 0.04 4
v -4.6667 0.0517 4
v -5.3333 0.0354 3.3333
v -4.6667 0.0517 4
v -4.6667 0.0506 3.3333
v -4.6667 0.0506 3.3333
v -4.6667 0.0517 4
v -4 0.0806 4
v -4.6667 0.0506 3.3333
v -4 0.0806 4
v -4 0.0728 3.3333
v -4 0.0728 3.3333
v -4 0.0806 4
v -3.3333 0.1079 4
v -4 0.0728 3.3333
v -3.3333 0.1079 4
v -3.3333 0.1065 3.3333
v -3.3333 0.1065 3.3333
v -3.3333 0.1079 4
v -2.6667 0.1664 4
v -3.3333 0.1065 3.3333
v -2.6667 0.1664 4
v -2.6667 0.1569 3.3333
v -2.6667 0.1569 3.3333
v -2.6667 0.1664 4
v -2 0.1628 4
v -2.6667 0.1569 3.3333
v -2 0.1628 4
v -2 0.1621 3.3333
v -2 0.1621 3.3333
v -2 0.1628 4
v -1.3333 0.1671 4
v -2 0.1621 3.3333
v -1.3333 0.1671 4
v -1.3333 0.1738 3.3333
v -1.3333 0.1738 3.3333
v -1.3333 0.1671 4
v -0.6667 0.1425 4
v -1.3333 0.1738 3.3333
v -0.6667 0.1425 4
v -0.6667 0.1441 3.3333
v -0.6667 0.1441 3.3333
v -0.6667 0.1425 4
v 0 0.1326 4
v -0.6667 0.1441 3.3333
v 0 0.1326 4
v 0 0.141 3.3333
v 0 0.141 3.3333
v 0 0.1326 4
v 0.6667 0.1577 4
v 0 0.141 3.3333
v 0.6667 0.1577 4
v 0.6667 0.1579 3.3333
v 0.6667 0.1579 3.3333
v 0.6667 0.1577 4
v 1.3333 0.1745 4
v 0.6667 0.1579 3.3333
v 1.3333 0.1745 4
v 1.3333 0.1809 3.3333
v 1.3333 0.1809 3.3333
v 1.3333 0.1745 4
v 2 0.2415 4
v 1.3333 0.1809 3.3333
v 2 0.2415 4
v 2 0.2391 3.3333
v 2 0.2391 3.3333
v 2 0.2415 4
v 2.6667 0.2611 4
v 2 0.2391 3.3333
v 2.6667 0.2611 4
v 2.6667 0.2644 3.3333
v 2.6667 0.2644 3.3333
v 2.6667 0.2611 4
v 3.3333 0.274 4
v 2.6667 0.2644 3.3333
v 3.3333 0.274 4
v 3.3333 0.2709 3.3333
v 3.3333 0.2709 3.3333
v 3.3333 0.274 4
v 4 0.2775 4
v 3.3333 0.2709 3.3333
v 4 0.2775 4
v 4 0.278 3.3333
v 4 0.278 3.3333
v 4 0.2775 4
v 4.6667 0.2586 4
v 4 0.278 3.3333
v 4.6667 0.2586 4
v 4.6667 0.2513 3.3333
v 4.6667 0.2513 3.3333
v 4.6667 0.2586 4
v 5.3333 0.2614 4
v 4.6667 0.2513 3.3333
v 5.3333 0.2614 4
v 5.3333 0.2579 3.3333
v 5.3333 0.2579 3.3333
v 5.3333 0.2614 4
v 6 0.2845 4
v 5.3333 0.2579 3.3333
v 6 0.2845 4
v 6 0.2882 3.3333
v 6 0.2882 3.3333
v 6 0.2845 4
v 6.6667 0.3511 4
v 6 0.2882 3.3333
v 6.6667 0.3511 4
v 6.6667 0.3494 3.3333
v 6.6667 0.3494 3.3333
v 6.6667 0.3511 4
v 7.3333 0.3692 4
v 6.6667 0.3494 3.3333
v 7.3333 0.3692 4
v 7.3333 0.3722 3.3333
v 7.3333 0.3722 3.3333
v 7.3333 0.3692 4
v 8 0.389 4
v 7.3333 0.3722 3.3333
v 8 0.389 4
v 8 0.3857 3.3333
v -8 0.0646 4
v -8 0.0688 4.6667
v -7.3333 0.0676 4.6667
v -8 0.0646 4
v -7.3333 0.0676 4.6667
v -7.3333 0.0633 4
v -7.3333 0.0633 4
v -7.3333 0.0676 4.6667
v -6.6667 0.0782 4.6667
v -7.3333 0.0633 4
v -6.6667 0.0782 4.6667
v -6.6667 0.0736 4
v -6.6667 0.0736 4
v -6.6667 0.0782 4.6667
v -6 0.0647 4.6667
v -6.6667 0.0736 4
v -6 0.0647 4.6667
v -6 0.0626 4
v -6 0.0626 4
v -6 0.0647 4.6667
v -5.3333 0.0418 4.6667
v -6 0.0626 4
v -5.3333 0.0418 4.6667
v -5.3333 0.04 4
v -5.3333 0.04 4
v -5.3333 0.0418 4.6667
v -4.6667 0.0544 4.6667
v -5.3333 0.04 4
v -4.6667 0.0544 4.6667
v -4.6667 0.0517 4
v -4.6667 0.0517 4
v -4.6667 0.0544 4.6667
v -4 0.0825 4.6667
v -4.6667 0.0517 4
v -4 0.0825 4.6667
v -4 0.0806 4
v -4 0.0806 4
v -4 0.0825 4.6667
v -3.3333 0.1095 4.6667
v -4 0.0806 4
v -3.3333 0.1095 4.6667
v -3.3333 0.1079 4
v -3.3333 0.1079 4
v -3.3333 0.1095 4.6667
v -2.6667 0.1658 4.6667
v -3.3333 0.1079 4
v -2.6667 0.1658 4.6667
v -2.6667 0.1664 4
v -2.6667 0.1664 4
v -2.6667 0.1658 4.6667
v -2 0.1633 4.6667
v -2.6667 0.1664 4
v -2 0.1633 4.6667
v -2 0.1628 4
v -2 0.1628 4
v -2 0.1633 4.6667
v -1.3333 0.1697 4.6667
v -2 0.1628 4
v -1.3333 0.1697 4.6667
v -1.3333 0.1671 4
v -1.3333 0.1671 4
v -1.3333 0.1697 4.6667
v -0.6667 0.1447 4.6667
v -1.3333 0.1671 4
v -0.6667 0.1447 4.6667
v -0.6667 0.1425 4
v -0.6667 0.1425 4
v -0.6667 0.1447 4.6667
v 0 0.1351 4.6667
v -0.6667 0.1425 4
v 0 0.1351 4.6667
v 0 0.1326 4
v 0 0.1326 4
v 0 0.1351 4.6667
v 0.6667 0.1579 4.6667
v 0 0.1326 4
v 0.6667 0.1579 4.6667
v 0.6667 0.1577 4
v 0.6667 0.1577 4
v 0.6667 0.1579 4.6667
v 1.3333 0.1742 4.6667
v 0.6667 0.1577 4
v 1.3333 0.1742 4.6667
v 1.3333 0.1745 4
v 1.3333 0.1745 4
v 1.3333 0.1742 4.6667
v 2 0.2424 4.6667
v 1.3333 0.1745 4
v 2 0.2424 4.6667
v 2 0.2415 4
v 2 0.2415 4
v 2 0.2424 4.6667
v 2.6667 0.2614 4.6667
v 2 0.2415 4
v 2.6667 0.2614 4.6667
v 2.6667 0.2611 4
v 2.6667 0.2611 4
v 2.6667 0.2614 4.6667
v 3.3333 0.2743 4.6667
v 2.6667 0.2611 4
v 3.3333 0.2743 4.6667
v 3.3333 0.274 4
v 3.3333 0.274 4
v 3.3333 0.2743 4.6667
v 4 0.2762 4.6667
v 3.3333 0.274 4
v 4 0.2762 4.6667
v 4 0.2775 4
v 4 0.2775 4
v 4 0.2762 4.6667
v 4.6667 0.2589 4.6667
v 4 0.2775 4
v 4.6667 0.2589 4.6667
v 4.6667 0.2586 4
v 4.6667 0.2586 4
v 4.6667 0.2589 4.6667
v 5.3333 0.2646 4.6667
v 4.6667 0.2586 4
v 5.3333 0.2646 4.6667
v 5.3333 0.2614 4
v 5.3333 0.2614 4
v 5.3333 0.2646 4.6667
v 6 0.2873 4.6667
v 5.3333 0.2614 4
v 6 0.2873 4.6667
v 6 0.2845 4
v 6 0.2845 4
v 6 0.2873 4.6667
v 6.6667 0.3539 4.6667
v 6 0.2845 4
v 6.6667 0.3539 4.6667
v 6.6667 0.3511 4
v 6.6667 0.3511 4
v 6.6667 0.3539 4.6667
v 7.3333 0.3693 4.6667
v 6.6667 0.3511 4
v 7.3333 0.3693 4.6667
v 7.3333 0.3692 4
v 7.3333 0.3692 4
v 7.3333 0.3693 4.6667
v 8 0.3883 4.6667
v 7.3333 0.3692 4
v 8 0.3883 4.6667
v 8 0.389 4
v -8 0.0688 4.6667
v -8 0.0724 5.3333
v -7.3333 0.072 5.3333
v -8 0.0688 4.6667
v -7.3333 0.072 5.3333
v -7.3333 0.0676 4.6667
v -7.3333 0.0676 4.6667
v -7.3333 0.072 5.3333
v -6.6667 0.0833 5.3333
v -7.3333 0.0676 4.6667
v -6.6667 0.0833 5.3333
v -6.6667 0.0782 4.6667
v -6.6667 0.0782 4.6667
v -6.6667 0.0833 5.3333
v -6 0.0684 5.3333
v -6.6667 0.0782 4.6667
v -6 0.0684 5.3333
v -6 0.0647 4.6667
v -6 0.0647 4.6667
v -6 0.0684 5.3333
v -5.3333 0.0455 5.3333
v -6 0.0647 4.6667
v -5.3333 0.0455 5.3333
v -5.3333 0.0418 4.6667
v -5.3333 0.0418 4.6667
v -5.3333 0.0455 5.3333
v -4.6667 0.0536 5.3333
v -5.3333 0.0418 4.6667
v -4.6667 0.0536 5.3333
v -4.6667 0.0544 4.6667
v -4.6667 0.0544 4.6667
v -4.6667 0.0536 5.3333
v -4 0.0817 5.3333
v -4.6667 0.0544 4.6667
v -4 0.0817 5.3333
v -4 0.0825 4.6667
v -4 0.0825 4.6667
v -4 0.0817 5.3333
v -3.3333 0.1089 5.3333
v -4 0.0825 4.6667
v -3.3333 0.1089 5.3333
v -3.3333 0.1095 4.6667
v -3.3333 0.1095 4.6667
v -3.3333 0.1089 5.3333
v -2.6667 0.1637 5.3333
v -3.3333 0.1095 4.6667
v -2.6667 0.1637 5.3333
v -2.6667 0.1658 4.6667
v -2.6667 0.1658 4.6667
v -2.6667 0.1637 5.3333
v -2 0.1628 5.3333
v -2.6667 0.1658 4.6667
v -2 0.1628 5.3333
v -2 0.1633 4.6667
v -2 0.1633 4.6667
v -2 0.1628 5.3333
v -1.3333 0.1724 5.3333
v -2 0.1633 4.6667
v -1.3333 0.1724 5.3333
v -1.3333 0.1697 4.6667
v -1.3333 0.1697 4.6667
v -1.3333 0.1724 5.3333
v -0.6667 0.1481 5.3333
v -1.3333 0.1697 4.6667
v -0.6667 0.1481 5.3333
v -0.6667 0.1447 4.6667
v -0.6667 0.1447 4.6667
v -0.6667 0.1481 5.3333
v 0 0.1394 5.3333
v -0.6667 0.1447 4.6667
v 0 0.1394 5.3333
v 0 0.1351 4.6667
v 0 0.1351 4.6667
v 0 0.1394 5.3333
v 0.6667 0.1607 5.3333
v 0 0.1351 4.6667
v 0.6667 0.1607 5.3333
v 0.6667 0.1579 4.6667
v 0.6667 0.1579 4.6667
v 0.6667 0.1607 5.3333
v 1.3333 0.1772 5.3333
v 0.6667 0.1579 4.6667
v 1.3333 0.1772 5.3333
v 1.3333 0.1742 4.6667
v 1.3333 0.1742 4.6667
v 1.3333 0.1772 5.3333
v 2 0.2409 5.3333
v 1.3333 0.1742 4.6667
v 2 0.2409 5.3333
v 2 0.2424 4.6667
v 2 0.2424 4.6667
v 2 0.2409 5.3333
v 2.6667 0.2599 5.3333
v 2 0.2424 4.6667
v 2.6667 0.2599 5.3333
v 2.6667 0.2614 4.6667
v 2.6667 0.2614 4.6667
v 2.6667 0.2599 5.3333
v 3.3333 0.2732 5.3333
v 2.6667 0.2614 4.6667
v 3.3333 0.2732 5.3333
v 3.3333 0.2743 4.6667
v 3.3333 0.2743 4.6667
v 3.3333 0.2732 5.3333
v 4 0.2736 5.3333
v 3.3333 0.2743 4.6667
v 4 0.2736 5.3333
v 4 0.2762 4.6667
v 4 0.2762 4.6667
v 4 0.2736 5.3333
v 4.6667 0.2582 5.3333
v 4 0.2762 4.6667
v 4.6667 0.2582 5.3333
v 4.6667 0.2589 4.6667
v 4.6667 0.2589 4.6667
v 4.6667 0.2582 5.3333
v 5.3333 0.2669 5.3333
v 4.6667 0.2589 4.6667
v 5.3333 0.2669 5.3333
v 5.3333 0.2646 4.6667
v 5.3333 0.2646 4.6667
v 5.3333 0.2669 5.3333
v 6 0.2901 5.3333
v 5.3333 0.2646 4.6667
v 6 0.2901 5.3333
v 6 0.2873 4.6667
v 6 0.2873 4.6667
v 6 0.2901 5.3333
v 6.6667 0.3572 5.3333
v 6 0.2873 4.6667
v 6.6667 0.3572 5.3333
v 6.6667 0.3539 4.6667
v 6.6667 0.3539 4.6667
v 6.6667 0.3572 5.3333
v 7.3333 0.3707 5.3333
v 6.6667 0.3539 4.6667
v 7.3333 0.3707 5.3333
v 7.3333 0.3693 4.6667
v 7.3333 0.3693 4.6667
v 7.3333 0.3707 5.3333
v 8 0.3898 5.3333
v 7.3333 0.3693 4.6667
v 8 0.3898 5.3333
v 8 0.3883 4.6667
v -8 0.0724 5.3333
v -8 0.0759 6
v -7.3333 0.0783 6
v -8 0.0724 5.3333
v -7.3333 0.0783 6
v -7.3333 0.072 5.3333
v -7.3333 0.072 5.3333
v -7.3333 0.0783 6
v -6.6667 0.0678 6
v -7.3333 0.072 5.3333
v -6.6667 0.0678 6
v -6.6667 0.0833 5.3333
v -6.6667 0.0833 5.3333
v -6.6667 0.0678 6
v -6 0.0636 6
v -6.6667 0.0833 5.3333
v -6 0.0636 6
v -6 0.0684 5.3333
v -6 0.0684 5.3333
v -6 0.0636 6
v -5.3333 0.0504 6
v -6 0.0684 5.3333
v -5.3333 0.0504 6
v -5.3333 0.0455 5.3333
v -5.3333 0.0455 5.3333
v -5.3333 0.0504 6
v -4.6667 0.0637 6
v -5.3333 0.0455 5.3333
v -4.6667 0.0637 6
v -4.6667 0.0536 5.3333
v -4.6667 0.0536 5.3333
v -4.6667 0.0637 6
v -4 0.0705 6
v -4.6667 0.0536 5.3333
v -4 0.0705 6
v -4 0.0817 5.3333
v -4 0.0817 5.3333
v -4 0.0705 6
v -3.3333 0.1074 6
v -4 0.0817 5.3333
v -3.3333 0.1074 6
v -3.3333 0.1089 5.3333
v -3.3333 0.1089 5.3333
v -3.3333 0.1074 6
v -2.6667 0.173 6
v -3.3333 0.1089 5.3333
v -2.6667 0.173 6
v -2.6667 0.1637 5.3333
v -2.6667 0.1637 5.3333
v -2.6667 0.173 6
v -2 0.1764 6
v -2.6667 0.1637 5.3333
v -2 0.1764 6
v -2 0.1628 5.3333
v -2 0.1628 5.3333
v -2 0.1764 6
v -1.3333 0.1668 6
v -2 0.1628 5.3333
v -1.3333 0.1668 6
v -1.3333 0.1724 5.3333
v -1.3333 0.1724 5.3333
v -1.3333 0.1668 6
v -0.6667 0.1519 6
v -1.3333 0.1724 5.3333
v -0.6667 0.1519 6
v -0.6667 0.1481 5.3333
v -0.6667 0.1481 5.3333
v -0.6667 0.1519 6
v 0 0.1528 6
v -0.6667 0.1481 5.3333
v 0 0.1528 6
v 0 0.1394 5.3333
v 0 0.1394 5.3333
v 0 0.1528 6
v 0.6667 0.1538 6
v 0 0.1394 5.3333
v 0.6667 0.1538 6
v 0.6667 0.1607 5.3333
v 0.6667 0.1607 5.3333
v 0.6667 0.1538 6
v 1.3333 0.1736 6
v 0.6667 0.1607 5.3333
v 1.3333 0.1736 6
v 1.3333 0.1772 5.3333
v 1.3333 0.1772 5.3333
v 1.3333 0.1736 6
v 2 0.2491 6
v 1.3333 0.1772 5.3333
v 2 0.2491 6
v 2 0.2409 5.3333
v 2 0.2409 5.3333
v 2 0.2491 6
v 2.6667 0.2781 6
v 2 0.2409 5.3333
v 2.6667 0.2781 6
v 2.6667 0.2599 5.3333
v 2.6667 0.2599 5.3333
v 2.6667 0.2781 6
v 3.3333 0.2691 6
v 2.6667 0.2599 5.3333
v 3.3333 0.2691 6
v 3.3333 0.2732 5.3333
v 3.3333 0.2732 5.3333
v 3.3333 0.2691 6
v 4 0.2729 6
v 3.3333 0.2732 5.3333
v 4 0.2729 6
v 4 0.2736 5.3333
v 4 0.2736 5.3333
v 4 0.2729 6
v 4.6667 0.26 6
v 4 0.2736 5.3333
v 4.6667 0.26 6
v 4.6667 0.2582 5.3333
v 4.6667 0.2582 5.3333
v 4.6667 0.26 6
v 5.3333 0.2485 6
v 4.6667 0.2582 5.3333
v 5.3333 0.2485 6
v 5.3333 0.2669 5.3333
v 5.3333 0.2669 5.3333
v 5.3333 0.2485 6
v 6 0.2803 6
v 5.3333 0.2669 5.3333
v 6 0.2803 6
v 6 0.2901 5.3333
v 6 0.2901 5.3333
v 6 0.2803 6
v 6.6667 0.3565 6
v 6 0.2901 5.3333
v 6.6667 0.3565 6
v 6.6667 0.3572 5.3333
v 6.6667 0.3572 5.3333
v 6.6667 0.3565 6
v 7.3333 0.3743 6
v 6.6667 0.3572 5.3333
v 7.3333 0.3743 6
v 7.3333 0.3707 5.3333
v 7.3333 0.3707 5.3333
v 7.3333 0.3743 6
v 8 0.3715 6
v 7.3333 0.3707 5.3333
v 8 0.3715 6
v 8 0.3898 5.3333
v -8 0.0759 6
v -8 0.08 6.6667
v -7.3333 0.0788 6.6667
v -8 0.0759 6
v -7.3333 0.0788 6.6667
v -7.3333 0.0783 6
v -7.3333 0.0783 6
v -7.3333 0.0788 6.6667
v -6.6667 0.0648 6.6667
v -7.3333 0.0783 6
v -6.6667 0.0648 6.6667
v -6.6667 0.0678 6
v -6.6667 0.0678 6
v -6.6667 0.0648 6.6667
v -6 0.0627 6.6667
v -6.6667 0.0678 6
v -6 0.0627 6.6667
v -6 0.0636 6
v -6 0.0636 6
v -6 0.0627 6.6667
v -5.3333 0.0524 6.6667
v -6 0.0636 6
v -5.3333 0.0524 6.6667
v -5.3333 0.0504 6
v -5.3333 0.0504 6
v -5.3333 0.0524 6.6667
v -4.6667 0.0649 6.6667
v -5.3333 0.0504 6
v -4.6667 0.0649 6.6667
v -4.6667 0.0637 6
v -4.6667 0.0637 6
v -4.6667 0.0649 6.6667
v -4 0.0692 6.6667
v -4.6667 0.0637 6
v -4 0.0692 6.6667
v -4 0.0705 6
v -4 0.0705 6
v -4 0.0692 6.6667
v -3.3333 0.1092 6.6667
v -4 0.0705 6
v -3.3333 0.1092 6.6667
v -3.3333 0.1074 6
v -3.3333 0.1074 6
v -3.3333 0.1092 6.6667
v -2.6667 0.1771 6.6667
v -3.3333 0.1074 6
v -2.6667 0.1771 6.6667
v -2.6667 0.173 6
v -2.6667 0.173 6
v -2.6667 0.1771 6.6667
v -2 0.1782 6.6667
v -2.6667 0.173 6
v -2 0.1782 6.6667
v -2 0.1764 6
v -2 0.1764 6
v -2 0.1782 6.6667
v -1.3333 0.1685 6.6667
v -2 0.1764 6
v -1.3333 0.1685 6.6667
v -1.3333 0.1668 6
v -1.3333 0.1668 6
v -1.3333 0.1685 6.6667
v -0.6667 0.157 6.6667
v -1.3333 0.1668 6
v -0.6667 0.157 6.6667
v -0.6667 0.1519 6
v -0.6667 0.1519 6
v -0.6667 0.157 6.6667
v 0 0.1611 6.6667
v -0.6667 0.1519 6
v 0 0.1611 6.6667
v 0 0.1528 6
v 0 0.1528 6
v 0 0.1611 6.6667
v 0.6667 0.1582 6.6667
v 0 0.1528 6
v 0.6667 0.1582 6.6667
v 0.6667 0.1538 6
v 0.6667 0.1538 6
v 0.6667 0.1582 6.6667
v 1.3333 0.1751 6.6667
v 0.6667 0.1538 6
v 1.3333 0.1751 6.6667
v 1.3333 0.1736 6
v 1.3333 0.1736 6
v 1.3333 0.1751 6.6667
v 2 0.2559 6.6667
v 1.3333 0.1736 6
v 2 0.2559 6.6667
v 2 0.2491 6
v 2 0.2491 6
v 2 0.2559 6.6667
v 2.6667 0.2885 6.6667
v 2 0.2491 6
v 2.6667 0.2885 6.6667
v 2.6667 0.2781 6
v 2.6667 0.2781 6
v 2.6667 0.2885 6.6667
v 3.3333 0.2752 6.6667
v 2.6667 0.2781 6
v 3.3333 0.2752 6.6667
v 3.3333 0.2691 6
v 3.3333 0.2691 6
v 3.3333 0.2752 6.6667
v 4 0.2725 6.6667
v 3.3333 0.2691 6
v 4 0.2725 6.6667
v 4 0.2729 6
v 4 0.2729 6
v 4 0.2725 6.6667
v 4.6667 0.2547 6.6667
v 4 0.2729 6
v 4.6667 0.2547 6.6667
v 4.6667 0.26 6
v 4.6667 0.26 6
v 4.6667 0.2547 6.6667
v 5.3333 0.2408 6.6667
v 4.6667 0.26 6
v 5.3333 0.2408 6.6667
v 5.3333 0.2485 6
v 5.3333 0.2485 6
v 5.3333 0.2408 6.6667
v 6 0.2751 6.6667
v 5.3333 0.2485 6
v 6 0.2751 6.6667
v 6 0.2803 6
v 6 0.2803 6
v 6 0.2751 6.6667
v 6.6667 0.3537 6.6667
v 6 0.2803 6
v 6.6667 0.3537 6.6667
v 6.6667 0.3565 6
v 6.6667 0.3565 6
v 6.6667 0.3537 6.6667
v 7.3333 0.3672 6.6667
v 6.6667 0.3565 6
v 7.3333 0.3672 6.6667
v 7.3333 0.3743 6
v 7.3333 0.3743 6
v 7.3333 0.3672 6.6667
v 8 0.3612 6.6667
v 7.3333 0.3743 6
v 8 0.3612 6.6667
v 8 0.3715 6
v -8 0.08 6.6667
v -8 0.0838 7.3333
v -7.3333 0.0829 7.3333
v -8 0.08 6.6667
v -7.3333 0.0829 7.3333
v -7.3333 0.0788 6.6667
v -7.3333 0.0788 6.6667
v -7.3333 0.0829 7.3333
v -6.6667 0.0678 7.3333
v -7.3333 0.0788 6.6667
v -6.6667 0.0678 7.3333
v -6.6667 0.0648 6.6667
v -6.6667 0.0648 6.6667
v -6.6667 0.0678 7.3333
v -6 0.0675 7.3333
v -6.6667 0.0648 6.6667
v -6 0.0675 7.3333
v -6 0.0627 6.6667
v -6 0.0627 6.6667
v -6 0.0675 7.3333
v -5.3333 0.0561 7.3333
v -6 0.0627 6.6667
v -5.3333 0.0561 7.3333
v -5.3333 0.0524 6.6667
v -5.3333 0.0524 6.6667
v -5.3333 0.0561 7.3333
v -4.6667 0.0645 7.3333
v -5.3333 0.0524 6.6667
v -4.6667 0.0645 7.3333
v -4.6667 0.0649 6.6667
v -4.6667 0.0649 6.6667
v -4.6667 0.0645 7.3333
v -4 0.0687 7.3333
v -4.6667 0.0649 6.6667
v -4 0.0687 7.3333
v -4 0.0692 6.6667
v -4 0.0692 6.6667
v -4 0.0687 7.3333
v -3.3333 0.1079 7.3333
v -4 0.0692 6.6667
v -3.3333 0.1079 7.3333
v -3.3333 0.1092 6.6667
v -3.3333 0.1092 6.6667
v -3.3333 0.1079 7.3333
v -2.6667 0.1777 7.3333
v -3.3333 0.1092 6.6667
v -2.6667 0.1777 7.3333
v -2.6667 0.1771 6.6667
v -2.6667 0.1771 6.6667
v -2.6667 0.1777 7.3333
v -2 0.179 7.3333
v -2.6667 0.1771 6.6667
v -2 0.179 7.3333
v -2 0.1782 6.6667
v -2 0.1782 6.6667
v -2 0.179 7.3333
v -1.3333 0.1732 7.3333
v -2 0.1782 6.6667
v -1.3333 0.1732 7.3333
v -1.3333 0.1685 6.6667
v -1.3333 0.1685 6.6667
v -1.3333 0.1732 7.3333
v -0.6667 0.1626 7.3333
v -1.3333 0.1685 6.6667
v -0.6667 0.1626 7.3333
v -0.6667 0.157 6.6667
v -0.6667 0.157 6.6667
v -0.6667 0.1626 7.3333
v 0 0.166 7.3333
v -0.6667 0.157 6.6667
v 0 0.166 7.3333
v 0 0.1611 6.6667
v 0 0.1611 6.6667
v 0 0.166 7.3333
v 0.6667 0.1651 7.3333
v 0 0.1611 6.6667
v 0.6667 0.1651 7.3333
v 0.6667 0.1582 6.6667
v 0.6667 0.1582 6.6667
v 0.6667 0.1651 7.3333
v 1.3333 0.1814 7.3333
v 0.6667 0.1582 6.6667
v 1.3333 0.1814 7.3333
v 1.3333 0.1751 6.6667
v 1.3333 0.1751 6.6667
v 1.3333 0.1814 7.3333
v 2 0.2579 7.3333
v 1.3333 0.1751 6.6667
v 2 0.2579 7.3333
v 2 0.2559 6.6667
v 2 0.2559 6.6667
v 2 0.2579 7.3333
v 2.6667 0.2905 7.3333
v 2 0.2559 6.6667
v 2.6667 0.2905 7.3333
v 2.6667 0.2885 6.6667
v 2.6667 0.2885 6.6667
v 2.6667 0.2905 7.3333
v 3.3333 0.2751 7.3333
v 2.6667 0.2885 6.6667
v 3.3333 0.2751 7.3333
v 3.3333 0.2752 6.6667
v 3.3333 0.2752 6.6667
v 3.3333 0.2751 7.3333
v 4 0.2718 7.3333
v 3.3333 0.2752 6.6667
v 4 0.2718 7.3333
v 4 0.2725 6.6667
v 4 0.2725 6.6667
v 4 0.2718 7.3333
v 4.6667 0.2516 7.3333
v 4 0.2725 6.6667
v 4.6667 0.2516 7.3333
v 4.6667 0.2547 6.6667
v 4.6667 0.2547 6.6667
v 4.6667 0.2516 7.3333
v 5.3333 0.2395 7.3333
v 4.6667 0.2547 6.6667
v 5.3333 0.2395 7.3333
v 5.3333 0.2408 6.6667
v 5.3333 0.2408 6.6667
v 5.3333 0.2395 7.3333
v 6 0.2737 7.3333
v 5.3333 0.2408 6.6667
v 6 0.2737 7.3333
v 6 0.2751 6.6667
v 6 0.2751 6.6667
v 6 0.2737 7.3333
v 6.6667 0.3511 7.3333
v 6 0.2751 6.6667
v 6.6667 0.3511 7.3333
v 6.6667 0.3537 6.6667
v 6.6667 0.3537 6.6667
v 6.6667 0.3511 7.3333
v 7.3333 0.3663 7.3333
v 6.6667 0.3537 6.6667
v 7.3333 0.3663 7.3333
v 7.3333 0.3672 6.6667
v 7.3333 0.3672 6.6667
v 7.3333 0.3663 7.3333
v 8 0.3595 7.3333
v 7.3333 0.3672 6.6667
v 8 0.3595 7.3333
v 8 0.3612 6.6667
v -8 0.0838 7.3333
v -8 0.0863 8
v -7.3333 0.0851 8
v -8 0.0838 7.3333
v -7.3333 0.0851 8
v -7.3333 0.0829 7.3333
v -7.3333 0.0829 7.3333
v -7.3333 0.0851 8
v -6.6667 0.0701 8
v -7.3333 0.0829 7.3333
v -6.6667 0.0701 8
v -6.6667 0.0678 7.3333
v -6.6667 0.0678 7.3333
v -6.6667 0.0701 8
v -6 0.0678 8
v -6.6667 0.0678 7.3333
v -6 0.0678 8
v -6 0.0675 7.3333
v -6 0.0675 7.3333
v -6 0.0678 8
v -5.3333 0.0566 8
v -6 0.0675 7.3333
v -5.3333 0.0566 8
v -5.3333 0.0561 7.3333
v -5.3333 0.0561 7.3333
v -5.3333 0.0566 8
v -4.6667 0.066 8
v -5.3333 0.0561 7.3333
v -4.6667 0.066 8
v -4.6667 0.0645 7.3333
v -4.6667 0.0645 7.3333
v -4.6667 0.066 8
v -4 0.0698 8
v -4.6667 0.0645 7.3333
v -4 0.0698 8
v -4 0.0687 7.3333
v -4 0.0687 7.3333
v -4 0.0698 8
v -3.3333 0.109 8
v -4 0.0687 7.3333
v -3.3333 0.109 8
v -3.3333 0.1079 7.3333
v -3.3333 0.1079 7.3333
v -3.3333 0.109 8
v -2.6667 0.1769 8
v -3.3333 0.1079 7.3333
v -2.6667 0.1769 8
v -2.6667 0.1777 7.3333
v -2.6667 0.1777 7.3333
v -2.6667 0.1769 8
v -2 0.1794 8
v -2.6667 0.1777 7.3333
v -2 0.1794 8
v -2 0.179 7.3333
v -2 0.179 7.3333
v -2 0.1794 8
v -1.3333 0.1761 8
v -2 0.179 7.3333
v -1.3333 0.1761 8
v -1.3333 0.1732 7.3333
v -1.3333 0.1732 7.3333
v -1.3333 0.1761 8
v -0.6667 0.1655 8
v -1.3333 0.1732 7.3333
v -0.6667 0.1655 8
v -0.6667 0.1626 7.3333
v -0.6667 0.1626 7.3333
v -0.6667 0.1655 8
v 0 0.1691 8
v -0.6667 0.1626 7.3333
v 0 0.1691 8
v 0 0.166 7.3333
v 0 0.166 7.3333
v 0 0.1691 8
v 0.6667 0.1665 8
v 0 0.166 7.3333
v 0.6667 0.1665 8
v 0.6667 0.1651 7.3333
v 0.6667 0.1651 7.3333
v 0.6667 0.1665 8
v 1.3333 0.1828 8
v 0.6667 0.1651 7.3333
v 1.3333 0.1828 8
v 1.3333 0.1814 7.3333
v 1.3333 0.1814 7.3333
v 1.3333 0.1828 8
v 2 0.2607 8
v 1.3333 0.1814 7.3333
v 2 0.2607 8
v 2 0.2579 7.3333
v 2 0.2579 7.3333
v 2 0.2607 8
v 2.6667 0.2926 8
v 2 0.2579 7.3333
v 2.6667 0.2926 8
v 2.6667 0.2905 7.3333
v 2.6667 0.2905 7.3333
v 2.6667 0.2926 8
v 3.3333 0.2767 8
v 2.6667 0.2905 7.3333
v 3.3333 0.2767 8
v 3.3333 0.2751 7.3333
v 3.3333 0.2751 7.3333
v 3.3333 0.2767 8
v 4 0.2705 8
v 3.3333 0.2751 7.3333
v 4 0.2705 8
v 4 0.2718 7.3333
v 4 0.2718 7.3333
v 4 0.2705 8
v 4.6667 0.2499 8
v 4 0.2718 7.3333
v 4.6667 0.2499 8
v 4.6667 0.2516 7.3333
v 4.6667 0.2516 7.3333
v 4.6667 0.2499 8
v 5.3333 0.2398 8
v 4.6667 0.2516 7.3333
v 5.3333 0.2398 8
v 5.3333 0.2395 7.3333
v 5.3333 0.2395 7.3333
v 5.3333 0.2398 8
v 6 0.2735 8
v 5.3333 0.2395 7.3333
v 6 0.2735 8
v 6 0.2737 7.3333
v 6 0.2737 7.3333
v 6 0.2735 8
v 6.6667 0.3509 8
v 6 0.2737 7.3333
v 6.6667 0.3509 8
v 6.6667 0.3511 7.3333
v 6.6667 0.3511 7.3333
v 6.6667 0.3509 8
v 7.3333 0.3642 8
v 6.6667 0.3511 7.3333
v 7.3333 0.3642 8
v 7.3333 0.3663 7.3333
v 7.3333 0.3663 7.3333
v 7.3333 0.3642 8
v 8 0.3574 8
v 7.3333 0.3663 7.3333
v 8 0.3574 8
v 8 0.3595 7.3333
vn -0.0147 0.9999 -0.004
vn -0.0153 0.9999 -0.0034
vn -0.0221 0.9998 -0.0034
vn -0.022 0.9998 -0.0035
vn -0.0213 0.9998 -0.0035
vn -0.0239 0.9997 -0.0009
vn -0.0214 0.9998 -0.0009
vn -0.0209 0.9998 -0.0013
vn -0.0222 0.9998 -0.0013
vn -0.0212 0.9998 -0.0023
vn -0.0222 0.9998 -0.0023
vn -0.0238 0.9997 -0.0008
vn -0.0223 0.9998 -0.0008
vn -0.0218 0.9998 -0.0013
vn -0.0127 0.9999 -0.0013
vn -0.0152 0.9999 0.0012
vn -0.0166 0.9999 0.0012
vn -0.0154 0.9999 -0
vn -0.0253 0.9997 -0
vn -0.0224 0.9997 -0.003
vn -0.0227 0.9997 -0.003
vn -0.0237 0.9997 -0.002
vn -0.0207 0.9998 -0.002
vn -0.0208 0.9998 -0.002
vn -0.0184 0.9998 -0.002
vn -0.0208 0.9998 0.0005
vn -0.0242 0.9997 0.0005
vn -0.0239 0.9997 0.0002
vn -0.0232 0.9997 0.0002
vn -0.0218 0.9998 -0.0011
vn -0.0136 0.9999 -0.0011
vn -0.0152 0.9999 0.0005
vn -0.0159 0.9999 0.0005
vn -0.0153 0.9999 -0.0001
vn -0.0201 0.9998 -0.0001
vn -0.0222 0.9998 0.002
vn -0.0262 0.9997 0.002
vn -0.0247 0.9997 0.0004
vn -0.0252 0.9997 0.0004
vn -0.0213 0.9998 -0.0035
vn -0.0202 0.9998 -0.0035
vn -0.0208 0.9998 -0.0028
vn -0.0236 0.9997 -0.0028
vn -0.0237 0.9997 -0.0028
vn -0.0191 0.9998 -0.0028
vn -0.0218 0.9998 -0.0001
vn -0.0155 0.9999 -0.0001
vn -0.0154 0.9999 -0.0002
vn -0.0142 0.9999 -0.0057
vn -0.0147 0.9999 -0.0051
vn -0.0214 0.9998 -0.0051
vn -0.0221 0.9997 -0.0045
vn -0.0244 0.9997 -0.0045
vn -0.0213 0.9997 -0.0076
vn -0.0212 0.9997 -0.0076
vn -0.0214 0.9997 -0.0074
vn -0.0138 0.9999 -0.0074
vn -0.0222 0.9998 0.001
vn -0.0208 0.9998 0.001
vn -0.0222 0.9998 0.0024
vn -0.0222 0.9997 0.0024
vn -0.0223 0.9997 0.0025
vn -0.0161 0.9999 0.0025
vn -0.0127 0.9999 -0.0009
vn -0.017 0.9999 -0.0009
vn -0.0166 0.9999 -0.0013
vn -0.0275 0.9996 -0.0013
vn -0.0253 0.9997 -0.0035
vn -0.0211 0.9998 -0.0035
vn -0.0227 0.9997 -0.002
vn -0.0197 0.9998 -0.002
vn -0.0207 0.9998 -0.001
vn -0.0219 0.9998 -0.001
vn -0.0184 0.9998 -0.0045
vn -0.0245 0.9997 -0.0045
vn -0.0242 0.9997 -0.0048
vn -0.0148 0.9999 -0.0048
vn -0.0232 0.9997 0.0036
vn -0.012 0.9999 0.0036
vn -0.0136 0.9999 0.0052
vn -0.0161 0.9999 0.0052
vn -0.0159 0.9999 0.005
vn -0.0244 0.9997 0.005
vn -0.0201 0.9998 0.0007
vn -0.0281 0.9996 0.0007
vn -0.0262 0.9997 -0.0011
vn -0.0286 0.9996 -0.0011
vn -0.0252 0.9997 -0.0045
vn -0.0192 0.9998 -0.0045
vn -0.0202 0.9998 -0.0035
vn -0.0228 0.9997 -0.0035
vn -0.0236 0.9997 -0.0026
vn -0.0221 0.9998 -0.0026
vn -0.0191 0.9998 -0.0056
vn -0.0154 0.9999 -0.0056
vn -0.0155 0.9999 -0.0055
vn -0.0137 0.9999 -0.0061
vn -0.0142 0.9999 -0.0056
vn -0.0213 0.9998 -0.0056
vn -0.0214 0.9998 -0.0054
vn -0.0216 0.9998 -0.0054
vn -0.0244 0.9997 -0.0027
vn -0.0211 0.9998 -0.0027
vn -0.0212 0.9998 -0.0026
vn -0.0177 0.9998 -0.0026
vn -0.0138 0.9999 -0.0065
vn -0.0221 0.9997 -0.0065
vn -0.0208 0.9998 -0.0078
vn -0.0227 0.9997 -0.0078
vn -0.0222 0.9997 -0.0082
vn -0.0134 0.9999 -0.0082
vn -0.0161 0.9999 -0.0056
vn -0.0131 0.9999 -0.0056
vn -0.017 0.9999 -0.0017
vn -0.0251 0.9997 -0.0017
vn -0.0275 0.9996 0.0008
vn -0.0195 0.9998 0.0008
vn -0.0211 0.9998 0.0025
vn -0.0196 0.9998 0.0025
vn -0.0197 0.9998 0.0025
vn -0.0192 0.9998 0.0025
vn -0.0219 0.9997 0.0053
vn -0.0244 0.9997 0.0053
vn -0.0245 0.9997 0.0053
vn -0.0192 0.9998 0.0053
vn -0.0148 0.9999 0.001
vn -0.0134 0.9999 0.001
vn -0.012 0.9999 -0.0004
vn -0.0169 0.9999 -0.0004
vn -0.0161 0.9999 -0.0012
vn -0.0223 0.9998 -0.0012
vn -0.0244 0.9997 0.0009
vn -0.0297 0.9996 0.0009
vn -0.0281 0.9996 -0.0007
vn -0.0322 0.9995 -0.0007
vn -0.0286 0.9996 -0.0043
vn -0.0183 0.9998 -0.0043
vn -0.0192 0.9998 -0.0034
vn -0.0222 0.9997 -0.0034
vn -0.0228 0.9997 -0.0029
vn -0.0188 0.9998 -0.0029
vn -0.0221 0.9998 0.0004
vn -0.0149 0.9999 0.0004
vn -0.0154 0.9999 0.0009
vn -0.005 1 -0.0054
vn -0.0137 0.9999 0.0033
vn -0.029 0.9996 0.0033
vn -0.0213 0.9998 -0.0044
vn -0.0151 0.9999 -0.0044
vn -0.0216 0.9998 0.0021
vn -0.0289 0.9996 0.0021
vn -0.0211 0.9998 -0.0056
vn -0.0133 0.9999 -0.0056
vn -0.0177 0.9998 -0.0012
vn -0.0339 0.9994 -0.0012
vn -0.022 0.9997 -0.0131
vn -0.0117 0.9998 -0.0131
vn -0.0227 0.9997 -0.0021
vn -0.0259 0.9997 -0.0021
vn -0.0134 0.9998 -0.0146
vn 0.0014 0.9999 -0.0146
vn -0.0131 0.9999 -0
vn -0.0151 0.9999 -0
vn -0.0251 0.9996 0.01
vn -0.0292 0.9995 0.01
vn -0.0195 0.9998 0.0003
vn -0.0085 1 0.0003
vn -0.0196 0.9997 0.0115
vn -0.0318 0.9994 0.0114
vn -0.0192 0.9998 -0.0012
vn -0.0138 0.9999 -0.0012
vn -0.0244 0.9997 0.0095
vn -0.0335 0.9994 0.0095
vn -0.0192 0.9998 -0.0049
vn -0.0066 1 -0.0049
vn -0.0134 0.9999 0.0019
vn -0.0246 0.9997 0.0019
vn -0.0169 0.9998 -0.0059
vn -0.0162 0.9999 -0.0059
vn -0.0223 0.9998 0.0003
vn -0.0388 0.9992 0.0003
vn -0.0297 0.9995 -0.0089
vn -0.0267 0.9996 -0.0089
vn -0.0322 0.9995 -0.0034
vn -0.0089 1 -0.0034
vn -0.0183 0.9998 0.006
vn -0.0294 0.9996 0.006
vn -0.0222 0.9998 -0.0012
vn -0.012 0.9999 -0.0012
vn -0.0188 0.9998 0.0056
vn -0.0227 0.9997 0.0056
vn -0.0149 0.9999 -0.0021
vn -0.0042 1 -0.0056
vn -0.005 1 -0.0048
vn -0.0286 0.9996 -0.0048
vn -0.029 0.9996 -0.0045
vn -0.0133 0.9999 -0.0045
vn -0.0151 0.9999 -0.0026
vn -0.0288 0.9996 -0.0026
vn -0.0289 0.9996 -0.0025
vn -0.0145 0.9999 -0.0025
vn -0.0133 0.9999 -0.0038
vn -0.0319 0.9995 -0.0038
vn -0.0339 0.9994 -0.0018
vn -0.0117 0.9999 -0.0018
vn -0.0117 0.9999 -0.0017
vn -0.0242 0.9997 -0.0017
vn -0.0259 0.9997 -0
vn 0 1 -0
vn 0.0014 1 -0.0014
vn -0.0195 0.9998 -0.0014
vn -0.0151 0.9999 -0.0059
vn -0.0291 0.9996 -0.0058
vn -0.0292 0.9996 -0.0058
vn -0.0086 0.9999 -0.0058
vn -0.0085 0.9999 -0.0059
vn -0.0303 0.9995 -0.0059
vn -0.0318 0.9995 -0.0044
vn -0.0143 0.9999 -0.0044
vn -0.0138 0.9999 -0.0049
vn -0.0345 0.9994 -0.0049
vn -0.0335 0.9994 -0.0059
vn -0.0047 1 -0.0059
vn -0.0066 1 -0.004
vn -0.0238 0.9997 -0.004
vn -0.0246 0.9997 -0.0031
vn -0.0125 0.9999 -0.0031
vn -0.0162 0.9999 0.0006
vn -0.038 0.9993 0.0006
vn -0.0388 0.9992 0.0013
vn -0.0287 0.9996 0.0014
vn -0.0267 0.9996 -0.0006
vn -0.0073 1 -0.0006
vn -0.0089 1 0.0009
vn -0.0285 0.9996 0.0009
vn -0.0294 0.9996 0.0019
vn -0.01 0.9999 0.0019
vn -0.012 0.9999 0.0039
vn -0.023 0.9997 0.0039
vn -0.0227 0.9997 0.0036
vn -0.0037 1 -0.006
vn -0.0042 1 -0.0055
vn -0.0287 0.9996 -0.0055
vn -0.0286 0.9996 -0.0056
vn -0.0151 0.9999 -0.0056
vn -0.0133 0.9999 -0.0075
vn -0.0291 0.9995 -0.0075
vn -0.0288 0.9996 -0.0077
vn -0.006 1 -0.0077
vn -0.0145 0.9999 0.0007
vn -0.0303 0.9995 0.0007
vn -0.0319 0.9995 0.0023
vn -0.0118 0.9999 0.0023
vn -0.0117 0.9999 0.0021
vn -0.0264 0.9997 0.0021
vn -0.0242 0.9997 -0
vn -0.0021 1 -0
vn 0 1 -0.0022
vn -0.0244 0.9997 -0.0022
vn -0.0195 0.9998 -0.0072
vn -0.0302 0.9995 -0.0071
vn -0.0291 0.9995 -0.0083
vn -0.0093 0.9999 -0.0083
vn -0.0086 0.9999 -0.009
vn -0.0327 0.9994 -0.009
vn -0.0303 0.9995 -0.0114
vn -0.0144 0.9998 -0.0114
vn -0.0142 0.9998 -0.0116
vn -0.0265 0.9996 -0.0116
vn -0.0345 0.9994 -0.0036
vn -0.0031 1 -0.0036
vn -0.0047 1 -0.002
vn -0.0225 0.9997 -0.002
vn -0.0238 0.9997 -0.0006
vn -0.011 0.9999 -0.0006
vn -0.0125 0.9999 0.0009
vn -0.0352 0.9994 0.0009
vn -0.038 0.9993 0.0037
vn -0.0304 0.9995 0.0037
vn -0.0287 0.9996 0.0021
vn -0.0061 1 0.0021
vn -0.0073 1 0.0033
vn -0.028 0.9996 0.0033
vn -0.0285 0.9996 0.0038
vn -0.0118 0.9999 0.0038
vn -0.01 0.9999 0.0019
vn -0.023 0.9997 0.0019
vn -0.023 0.9997 0.0019
vn -0.0096 0.9999 -0.0056
vn -0.0037 0.9999 -0.0115
vn 0.003 0.9999 -0.0115
vn -0.0287 0.9994 0.0203
vn -0.027 0.9994 0.0203
vn -0.0151 0.9999 0.0083
vn -0.0431 0.999 0.0083
vn -0.0291 0.9996 -0.0057
vn -0.0156 0.9999 -0.0057
vn -0.006 0.9999 -0.0153
vn 0.0002 0.9999 -0.0153
vn -0.0303 0.9994 0.0153
vn -0.0262 0.9995 0.0153
vn -0.0118 0.9999 0.0009
vn -0.0382 0.9993 0.0009
vn -0.0264 0.9996 -0.0109
vn -0.0101 0.9999 -0.0109
vn -0.0021 0.9998 -0.0188
vn 0.0017 0.9998 -0.0188
vn -0.0244 0.9997 0.0073
vn -0.0471 0.9989 0.0073
vn -0.0302 0.9995 -0.0096
vn -0.0257 0.9996 -0.0096
vn -0.0093 0.9996 -0.0259
vn 0.0024 0.9997 -0.0259
vn -0.0327 0.9994 0.0092
vn -0.0194 0.9998 0.0092
vn -0.0144 0.9999 0.0042
vn -0.0452 0.999 0.0042
vn -0.0265 0.9995 -0.0145
vn -0.0196 0.9997 -0.0145
vn -0.0031 0.9995 -0.031
vn 0.0115 0.9995 -0.031
vn -0.0225 0.9997 0.003
vn -0.0098 0.9999 0.003
vn -0.011 0.9999 0.0042
vn -0.0389 0.9992 0.0042
vn -0.0352 0.9994 0.0004
vn -0.0005 1 0.0004
vn -0.0303 0.9991 0.0303
vn -0.0212 0.9993 0.0303
vn -0.0061 0.9999 0.0152
vn -0.0428 0.999 0.0152
vn -0.028 0.9996 0.0003
vn -0.0139 0.9999 0.0003
vn -0.0118 0.9999 -0.0017
vn 0.0096 1 -0.0017
vn -0.023 0.9993 0.0309
vn -0.0051 1 -0.0038
vn -0.0096 1 0.0007
vn 0.007 1 0.0007
vn 0.003 1 0.0047
vn -0.0282 0.9996 0.0047
vn -0.0271 0.9996 0.0035
vn -0.0474 0.9989 0.0035
vn -0.0431 0.9991 -0.0008
vn -0.0148 0.9999 -0.0008
vn -0.0156 0.9999 0.0001
vn 0.0037 1 0.0001
vn 0.0002 1 0.0035
vn -0.0303 0.9995 0.0035
vn -0.0262 0.9997 -0.0007
vn -0.0395 0.9992 -0.0007
vn -0.0382 0.9993 -0.002
vn -0.0078 1 -0.002
vn -0.0101 0.9999 0.0003
vn 0.0017 1 0.0003
vn 0.0017 1 0.0003
vn -0.0527 0.9986 0.0003
vn -0.0471 0.9989 -0.0053
vn -0.0314 0.9995 -0.0053
vn -0.0257 0.9996 -0.011
vn 0.0104 0.9999 -0.011
vn 0.0024 1 -0.003
vn -0.0138 0.9999 -0.003
vn -0.0194 0.9998 0.0025
vn -0.0541 0.9985 0.0025
vn -0.0452 0.999 -0.0064
vn -0.0256 0.9997 -0.0064
vn -0.0196 0.9997 -0.0124
vn 0.0174 0.9998 -0.0124
vn 0.0115 0.9999 -0.0065
vn -0.0002 1 -0.0065
vn -0.0098 0.9999 0.003
vn -0.0342 0.9994 0.003
vn -0.0389 0.9992 0.0077
vn 0.0007 1 0.0078
vn -0.0005 1 0.0089
vn -0.0259 0.9996 0.0089
vn -0.0213 0.9998 0.0043
vn -0.0481 0.9988 0.0043
vn -0.0428 0.9991 -0.0011
vn -0.0057 1 -0.0011
vn -0.0139 0.9999 0.0072
vn 0.0152 0.9999 0.0072
vn 0.0096 0.9999 0.0128
vn -0.0042 1 -0.0044
vn -0.0051 1 -0.0035
vn 0.0074 1 -0.0035
vn 0.007 1 -0.003
vn -0.031 0.9995 -0.003
vn -0.0282 0.9996 -0.0058
vn -0.0472 0.9989 -0.0058
vn -0.0474 0.9989 -0.0056
vn -0.007 1 -0.0056
vn -0.0148 0.9999 0.0021
vn 0.0052 1 0.0021
vn 0.0037 1 0.0036
vn -0.0302 0.9995 0.0036
vn -0.0303 0.9995 0.0037
vn -0.0424 0.9991 0.0037
vn -0.0395 0.9992 0.0008
vn -0.0087 1 0.0008
vn -0.0078 1 -0.0002
vn -0.0016 1 -0.0002
vn 0.0017 1 -0.0035
vn -0.0512 0.9987 -0.0035
vn -0.0527 0.9986 -0.0019
vn -0.0307 0.9995 -0.0019
vn -0.0314 0.9995 -0.0013
vn 0.0076 1 -0.0013
vn 0.0105 0.9999 -0.0041
vn -0.014 0.9999 -0.0041
vn -0.0138 0.9999 -0.0043
vn -0.0462 0.9989 -0.0043
vn -0.0541 0.9985 0.0036
vn -0.0242 0.9997 0.0036
vn -0.0256 0.9997 0.005
vn 0.0173 0.9998 0.005
vn 0.0174 0.9998 0.0049
vn -0.0036 1 0.0049
vn -0.0002 1 0.0014
vn -0.0364 0.9993 0.0014
vn -0.0342 0.9994 -0.0007
vn -0.0033 1 -0.0007
vn 0.0007 1 -0.0047
vn -0.025 0.9997 -0.0047
vn -0.0259 0.9997 -0.0039
vn -0.0478 0.9988 -0.0039
vn -0.0481 0.9988 -0.0035
vn -0.0086 1 -0.0035
vn -0.0057 1 -0.0065
vn 0.015 0.9999 -0.0065
vn 0.0152 0.9999 -0.0067
vn -0.0047 1 -0.0058
vn -0.0042 1 -0.0063
vn 0.0093 0.9999 -0.0063
vn 0.0074 1 -0.0044
vn -0.0292 0.9996 -0.0044
vn -0.031 0.9995 -0.0027
vn -0.0457 0.999 -0.0027
vn -0.0472 0.9989 -0.0011
vn -0.0096 1 -0.0011
vn -0.007 1 -0.0037
vn 0.0051 1 -0.0037
vn 0.0052 1 -0.0038
vn -0.0287 0.9996 -0.0038
vn -0.0302 0.9995 -0.0023
vn -0.0409 0.9992 -0.0023
vn -0.0424 0.9991 -0.0008
vn -0.0081 1 -0.0008
vn -0.0087 1 -0.0002
vn -0.0052 1 -0.0002
vn -0.0016 1 -0.0037
vn -0.0506 0.9987 -0.0037
vn -0.0512 0.9987 -0.0032
vn -0.0283 0.9996 -0.0032
vn -0.0307 0.9995 -0.0007
vn 0.009 1 -0.0007
vn 0.0076 1 0.0007
vn -0.0128 0.9999 0.0007
vn -0.014 0.9999 0.0019
vn -0.0487 0.9988 0.0019
vn -0.0462 0.9989 -0.0006
vn -0.0242 0.9997 -0.0006
vn -0.0242 0.9997 -0.0007
vn 0.0182 0.9998 -0.0007
vn 0.0173 0.9999 0.0003
vn -0.0036 1 0.0003
vn -0.0036 1 0.0003
vn -0.0379 0.9993 0.0003
vn -0.0364 0.9993 -0.0012
vn -0.0089 1 -0.0012
vn -0.0033 1 -0.0068
vn -0.026 0.9996 -0.0068
vn -0.025 0.9997 -0.0077
vn -0.0464 0.9989 -0.0077
vn -0.0478 0.9988 -0.0063
vn -0.0073 1 -0.0063
vn -0.0086 1 -0.0049
vn 0.0163 0.9999 -0.0049
vn 0.015 0.9999 -0.0037
vn 0.0053 1 -0.006
vn -0.0047 1 0.0039
vn -0.0001 1 0.0039
vn 0.0093 0.9999 -0.0054
vn -0.0219 0.9997 -0.0054
vn -0.0292 0.9996 0.0019
vn -0.0554 0.9985 0.0019
vn -0.0457 0.9989 -0.0079
vn -0.0035 1 -0.0079
vn -0.0096 1 -0.0018
vn -0.005 1 -0.0018
vn 0.0051 0.9999 -0.0119
vn -0.0199 0.9997 -0.0119
vn -0.0287 0.9996 -0.0031
vn -0.0525 0.9986 -0.0031
vn -0.0409 0.9991 -0.0146
vn 0.0051 0.9999 -0.0146
vn -0.0081 1 -0.0015
vn 0.0066 1 -0.0015
vn -0.0052 0.9999 0.0103
vn -0.0584 0.9982 0.0103
vn -0.0506 0.9987 0.0025
vn -0.0186 0.9998 0.0025
vn -0.0283 0.9995 0.0122
vn -0.0025 0.9999 0.0122
vn 0.009 1 0.0007
vn -0.0036 1 0.0007
vn -0.0128 0.9999 0.0099
vn -0.0618 0.998 0.0099
vn -0.0487 0.9988 -0.0032
vn -0.0156 0.9999 -0.0032
vn -0.0242 0.9997 0.0054
vn 0.0077 1 0.0054
vn 0.0182 0.9998 -0.0051
vn 0.002 1 -0.0051
vn -0.0036 1 0.0005
vn -0.0501 0.9987 0.0005
vn -0.0379 0.9992 -0.0117
vn -0.0046 0.9999 -0.0117
vn -0.0089 0.9999 -0.0074
vn -0.0168 0.9998 -0.0074
vn -0.026 0.9997 0.0017
vn -0.0564 0.9984 0.0017
vn -0.0464 0.9989 -0.0083
vn -0.0003 1 -0.0083
vn -0.0073 1 -0.0013
vn 0.0067 1 -0.0013
vn 0.0163 0.9998 -0.0109
vn 0.0057 1 -0.0052
vn 0.0053 1 -0.0048
vn 0.0005 1 -0.0048
vn -0.0001 1 -0.0041
vn -0.0207 0.9998 -0.0041
vn -0.0219 0.9998 -0.003
vn -0.0551 0.9985 -0.003
vn -0.0554 0.9985 -0.0027
vn -0.0067 1 -0.0027
vn -0.0035 1 -0.0059
vn -0.0056 1 -0.0059
vn -0.005 1 -0.0065
vn -0.0199 0.9998 -0.0065
vn -0.0199 0.9998 -0.0066
vn -0.0512 0.9987 -0.0066
vn -0.0525 0.9986 -0.0053
vn 0.0092 0.9999 -0.0053
vn 0.0051 1 -0.0011
vn 0.0084 1 -0.0011
vn 0.0066 1 0.0008
vn -0.0573 0.9984 0.0008
vn -0.0584 0.9983 0.0018
vn -0.0181 0.9998 0.0018
vn -0.0186 0.9998 0.0023
vn -0.001 1 0.0023
vn -0.0025 1 0.0037
vn -0.0037 1 0.0037
vn -0.0036 1 0.0037
vn -0.0648 0.9979 0.0037
vn -0.0618 0.9981 0.0007
vn -0.0163 0.9999 0.0007
vn -0.0156 0.9999 -0.0001
vn 0.0072 1 -0.0001
vn 0.0077 1 -0.0006
vn 0.0023 1 -0.0006
vn 0.002 1 -0.0003
vn -0.0524 0.9986 -0.0003
vn -0.0501 0.9987 -0.0026
vn -0.0088 1 -0.0026
vn -0.0046 1 -0.0068
vn -0.0175 0.9998 -0.0068
vn -0.0168 0.9998 -0.0074
vn -0.0566 0.9984 -0.0074
vn -0.0564 0.9984 -0.0076
vn 0.0007 1 -0.0076
vn -0.0003 1 -0.0067
vn 0.0066 1 -0.0067
vn 0.0067 1 -0.0068
vn 0.0017 1 -0.0053
vn 0.0057 0.9999 -0.0092
vn -0.0031 1 -0.0092
vn 0.0005 0.9999 -0.0129
vn -0.0072 0.9999 -0.0129
vn -0.0207 0.9998 0.0007
vn -0.041 0.9992 0.0007
vn -0.0551 0.9984 0.0149
vn -0.0044 0.9999 0.0149
vn -0.0067 0.9998 0.0173
vn -0.0111 0.9998 0.0173
vn -0.0056 0.9999 0.0118
vn -0.0269 0.9996 0.0118
vn -0.0199 0.9998 0.0048
vn -0.059 0.9982 0.0048
vn -0.0512 0.9987 -0.0031
vn 0.0031 1 -0.0031
vn 0.0092 0.9999 -0.0093
vn 0.0011 1 -0.0093
vn 0.0084 0.9998 -0.0166
vn -0.0421 0.999 -0.0166
vn -0.0573 0.9984 -0.0013
vn -0.004 1 -0.0013
vn -0.0181 0.9998 0.0128
vn -0.0091 0.9999 0.0128
vn -0.001 1 0.0047
vn -0.0105 0.9999 0.0047
vn -0.0037 1 -0.0021
vn -0.0638 0.998 -0.0021
vn -0.0648 0.9979 -0.0011
vn -0.0207 0.9998 -0.0011
vn -0.0163 0.9999 -0.0055
vn 0.0023 1 -0.0055
vn 0.0072 0.9999 -0.0104
vn -0.0041 0.9999 -0.0104
vn 0.0023 0.9999 -0.0169
vn -0.0395 0.9991 -0.0169
vn -0.0524 0.9986 -0.0039
vn 0.0006 1 -0.0039
vn -0.0088 0.9999 0.0054
vn -0.0241 0.9997 0.0054
vn -0.0175 0.9998 -0.0012
vn -0.0649 0.9979 -0.0012
vn -0.0566 0.9984 -0.0096
vn -0.0093 0.9999 -0.0096
vn 0.0007 0.9998 -0.0196
vn 0.0002 0.9998 -0.0196
vn 0.0066 0.9996 -0.026
vn -0.0115 0.9999 -0.0063
vn 0.0017 0.9998 -0.0195
vn -0.0146 0.9997 -0.0195
vn -0.0031 0.9995 -0.031
vn 0.003 0.9995 -0.031
vn -0.0072 0.9998 -0.0208
vn 0.039 0.999 -0.0208
vn -0.0409 0.9974 0.0591
vn -0.0231 0.998 0.0591
vn -0.0044 0.9992 0.0404
vn -0.0287 0.9988 0.0403
vn -0.0111 0.9997 0.0227
vn -0.0461 0.9987 0.0227
vn -0.0269 0.9996 0.0034
vn -0.0734 0.9973 0.0034
vn -0.059 0.9982 -0.011
vn -0.0124 0.9999 -0.011
vn 0.0031 0.9996 -0.0265
vn -0.0154 0.9995 -0.0265
vn 0.0011 0.9991 -0.043
vn 0.0395 0.9983 -0.043
vn -0.0421 0.9984 0.0387
vn 0.0006 0.9993 0.0387
vn -0.004 0.9991 0.0432
vn -0.0235 0.9988 0.0432
vn -0.0091 0.9995 0.0288
vn -0.0302 0.9991 0.0288
vn -0.0105 0.9999 0.0091
vn -0.0841 0.9964 0.0091
vn -0.0638 0.9979 -0.0114
vn -0.0364 0.9993 -0.0114
vn -0.0207 0.9994 -0.027
vn -0.0122 0.9996 -0.027
vn 0.0023 0.9991 -0.0415
vn -0.0144 0.999 -0.0414
vn -0.0041 0.9987 -0.0517
vn 0.0391 0.9979 -0.0517
vn -0.0395 0.9989 0.0269
vn 0.0006 0.9996 0.027
vn 0.0006 0.9996 0.027
vn -0.042 0.9988 0.027
vn -0.0241 0.9997 0.0091
vn -0.0858 0.9963 0.009
vn -0.0649 0.9978 -0.012
vn -0.0275 0.9995 -0.012
vn -0.0093 0.9995 -0.0302
vn -0.0182 0.9994 -0.0302
vn 0.0002 0.9988 -0.0485
vn -0.0092 0.9999 -0.0055
vn -0.0115 0.9999 -0.0032
vn -0.0102 0.9999 -0.0032
vn -0.0146 0.9999 0.0012
vn 0.0084 1 0.0012
vn 0.003 1 0.0066
vn 0.0409 0.9991 0.0066
vn 0.039 0.9992 0.0085
vn -0.0258 0.9996 0.0085
vn -0.0232 0.9997 0.0059
vn -0.0309 0.9995 0.0059
vn -0.0287 0.9996 0.0038
vn -0.0497 0.9988 0.0038
vn -0.0462 0.9989 0.0002
vn -0.0738 0.9973 0.0002
vn -0.0734 0.9973 -0.0002
vn -0.012 0.9999 -0.0002
vn -0.0125 0.9999 0.0002
vn -0.0159 0.9999 0.0002
vn -0.0154 0.9999 -0.0002
vn 0.0429 0.9991 -0.0002
vn 0.0396 0.9992 0.0031
vn 0.0024 1 0.0031
vn 0.0006 1 0.0049
vn -0.024 0.9997 0.0049
vn -0.0235 0.9997 0.0045
vn -0.034 0.9994 0.0045
vn -0.0302 0.9995 0.0008
vn -0.0886 0.9961 0.0008
vn -0.0841 0.9964 -0.0038
vn -0.0364 0.9993 -0.0038
vn -0.0364 0.9993 -0.0039
vn -0.0109 0.9999 -0.0039
vn -0.0122 0.9999 -0.0026
vn -0.0107 0.9999 -0.0026
vn -0.0144 0.9999 0.0011
vn 0.0404 0.9992 0.0011
vn 0.0392 0.9992 0.0024
vn -0.0019 1 0.0024
vn 0.0006 1 -0.0001
vn -0.0442 0.999 -0.0001
vn -0.042 0.9991 -0.0024
vn -0.0908 0.9959 -0.0023
vn -0.0858 0.9963 -0.0073
vn -0.0314 0.9995 -0.0074
vn -0.0275 0.9996 -0.0112
vn -0.0206 0.9997 -0.0112
vn -0.0182 0.9997 -0.0136
vn -0.008 1 -0.0038
vn -0.0092 1 -0.0025
vn -0.0085 1 -0.0025
vn -0.0102 0.9999 -0.0008
vn 0.0078 1 -0.0008
vn 0.0084 1 -0.0014
vn 0.0414 0.9991 -0.0014
vn 0.0409 0.9992 -0.0009
vn -0.0181 0.9998 -0.0009
vn -0.0258 0.9996 0.0068
vn -0.0309 0.9995 0.0067
vn -0.0309 0.9995 0.0068
vn -0.0521 0.9986 0.0068
vn -0.0497 0.9988 0.0044
vn -0.0768 0.997 0.0044
vn -0.0738 0.9973 0.0014
vn -0.0128 0.9999 0.0014
vn -0.012 0.9999 0.0006
vn -0.0179 0.9998 0.0006
vn -0.0159 0.9999 -0.0014
vn 0.0447 0.999 -0.0014
vn 0.0429 0.9991 0.0004
vn 0.0026 1 0.0004
vn 0.0024 1 0.0006
vn -0.0268 0.9996 0.0006
vn -0.024 0.9997 -0.0022
vn -0.0357 0.9994 -0.0022
vn -0.034 0.9994 -0.004
vn -0.0823 0.9966 -0.004
vn -0.0886 0.9961 0.0024
vn -0.0356 0.9994 0.0024
vn -0.0364 0.9993 0.0033
vn -0.011 0.9999 0.0033
vn -0.0109 0.9999 0.0031
vn -0.0117 0.9999 0.0031
vn -0.0107 0.9999 0.0021
vn 0.0405 0.9992 0.0021
vn 0.0404 0.9992 0.0022
vn -0.0052 1 0.0022
vn -0.0019 1 -0.0012
vn -0.0453 0.999 -0.0012
vn -0.0442 0.999 -0.0022
vn -0.0933 0.9956 -0.0022
vn -0.0908 0.9959 -0.0047
vn -0.0359 0.9993 -0.0047
vn -0.0314 0.9995 -0.0092
vn -0.0217 0.9997 -0.0092
vn -0.0206 0.9997 -0.0103
vn -0.0085 1 -0.0043
vn -0.008 1 -0.0048
vn -0.0067 1 -0.0048
vn -0.0085 1 -0.003
vn 0.0096 0.9999 -0.003
vn 0.0078 1 -0.0013
vn 0.0429 0.9991 -0.0013
vn 0.0414 0.9991 0.0003
vn -0.0229 0.9997 0.0003
vn -0.0181 0.9998 -0.0046
vn -0.0332 0.9994 -0.0046
vn -0.0309 0.9995 -0.0069
vn -0.0505 0.9987 -0.0069
vn -0.0521 0.9986 -0.0053
vn -0.0753 0.9971 -0.0053
vn -0.0768 0.997 -0.0039
vn -0.0078 1 -0.0039
vn -0.0128 0.9999 0.0011
vn -0.0176 0.9998 0.0011
vn -0.0179 0.9998 0.0014
vn 0.0445 0.999 0.0014
vn 0.0447 0.999 0.0012
vn 0.0047 1 0.0012
vn 0.0026 1 0.0033
vn -0.0254 0.9997 0.0033
vn -0.0268 0.9996 0.0047
vn -0.0344 0.9994 0.0047
vn -0.0357 0.9993 0.006
vn -0.087 0.9962 0.006
vn -0.0823 0.9966 0.0012
vn -0.038 0.9993 0.0012
vn -0.0356 0.9994 -0.0011
vn -0.0096 1 -0.0011
vn -0.011 0.9999 0.0002
vn -0.0108 0.9999 0.0002
vn -0.0117 0.9999 0.0012
vn 0.04 0.9992 0.0012
vn 0.0405 0.9992 0.0007
vn -0.0098 1 0.0007
vn -0.0052 1 -0.0039
vn -0.0455 0.999 -0.0039
vn -0.0453 0.999 -0.0041
vn -0.0913 0.9958 -0.0041
vn -0.0933 0.9956 -0.0021
vn -0.0342 0.9994 -0.0021
vn -0.0359 0.9994 -0.0004
vn -0.0203 0.9998 -0.0004
vn -0.0217 0.9998 0.0009
vn 0.0019 1 -0.0065
vn -0.0085 1 0.0039
vn -0.0154 0.9999 0.0039
vn -0.0067 1 -0.0048
vn 0.0164 0.9999 -0.0048
vn 0.0096 1 0.0021
vn 0.0339 0.9994 0.0021
vn 0.0429 0.9991 -0.007
vn -0.0175 0.9998 -0.007
vn -0.0229 0.9997 -0.0015
vn -0.0433 0.9991 -0.0015
vn -0.0332 0.9994 -0.0116
vn -0.041 0.9991 -0.0116
vn -0.0505 0.9987 -0.0021
vn -0.0874 0.9962 -0.0021
vn -0.0753 0.9971 -0.0143
vn 0.0054 0.9999 -0.0143
vn -0.0078 1 -0.0011
vn -0.0065 1 -0.0011
vn -0.0176 0.9998 0.01
vn 0.0369 0.9993 0.01
vn 0.0445 0.999 0.0024
vn 0.0149 0.9999 0.0024
vn 0.0047 0.9999 0.0126
vn -0.0376 0.9992 0.0126
vn -0.0254 0.9997 0.0004
vn -0.0252 0.9997 0.0004
vn -0.0344 0.9994 0.0096
vn -0.0999 0.995 0.0095
vn -0.087 0.9962 -0.0035
vn -0.0295 0.9996 -0.0035
vn -0.038 0.9993 0.0049
vn -0.0194 0.9998 0.005
vn -0.0096 0.9999 -0.0048
vn -0.0052 1 -0.0048
vn -0.0108 0.9999 0.0008
vn 0.0283 0.9996 0.0008
vn 0.04 0.9991 -0.0109
vn -0.0041 0.9999 -0.0109
vn -0.0098 0.9999 -0.0052
vn -0.0346 0.9994 -0.0052
vn -0.0455 0.9989 0.0057
vn -0.0995 0.995 0.0056
vn -0.0913 0.9958 -0.0026
vn -0.0271 0.9996 -0.0026
vn -0.0342 0.9994 0.0044
vn -0.0296 0.9996 0.0044
vn -0.0203 0.9998 -0.0049
vn 0.0018 1 -0.0064
vn 0.0019 1 -0.0064
vn -0.0158 0.9999 -0.0064
vn -0.0154 0.9999 -0.0069
vn 0.0202 0.9998 -0.0069
vn 0.0164 0.9999 -0.0031
vn 0.0344 0.9994 -0.0031
vn 0.0339 0.9994 -0.0026
vn -0.0189 0.9998 -0.0026
vn -0.0175 0.9998 -0.004
vn -0.0422 0.9991 -0.004
vn -0.0433 0.9991 -0.0029
vn -0.0404 0.9992 -0.0029
vn -0.041 0.9992 -0.0024
vn -0.0841 0.9965 -0.0024
vn -0.0874 0.9962 0.001
vn 0.0037 1 0.001
vn 0.0054 1 -0.0007
vn -0.0097 1 -0.0007
vn -0.0065 1 -0.0039
vn 0.0375 0.9993 -0.0039
vn 0.0369 0.9993 -0.0033
vn 0.0145 0.9999 -0.0033
vn 0.0149 0.9999 -0.0037
vn -0.0343 0.9994 -0.0037
vn -0.0376 0.9993 -0.0004
vn -0.0244 0.9997 -0.0004
vn -0.0252 0.9997 0.0005
vn -0.1018 0.9948 0.0005
vn -0.0999 0.995 -0.0015
vn -0.0285 0.9996 -0.0015
vn -0.0295 0.9996 -0.0005
vn -0.0193 0.9998 -0.0005
vn -0.0194 0.9998 -0.0004
vn -0.0028 1 -0.0004
vn -0.0052 1 0.002
vn 0.026 0.9997 0.002
vn 0.0283 0.9996 -0.0004
vn -0.0086 1 -0.0004
vn -0.0041 1 -0.0048
vn -0.034 0.9994 -0.0048
vn -0.0346 0.9994 -0.0042
vn -0.0995 0.995 -0.0042
vn -0.0995 0.995 -0.0042
vn -0.0231 0.9997 -0.0042
vn -0.0271 0.9996 -0.0002
vn -0.0285 0.9996 -0.0002
vn -0.0296 0.9996 0.001
vn 0.0006 1 -0.0054
vn 0.0018 1 -0.0067
vn -0.0169 0.9998 -0.0067
vn -0.0158 0.9998 -0.0077
vn 0.0223 0.9997 -0.0077
vn 0.0202 0.9998 -0.0056
vn 0.0344 0.9994 -0.0056
vn 0.0344 0.9994 -0.0056
vn -0.0121 0.9999 -0.0056
vn -0.0189 0.9998 0.0012
vn -0.0421 0.9991 0.0012
vn -0.0422 0.9991 0.0012
vn -0.0408 0.9992 0.0012
vn -0.0404 0.9992 0.0009
vn -0.0819 0.9966 0.0009
vn -0.0841 0.9965 0.0031
vn 0.0014 1 0.0031
vn 0.0037 1 0.0007
vn -0.0145 0.9999 0.0007
vn -0.0097 0.9999 -0.0041
vn 0.0366 0.9993 -0.0041
vn 0.0375 0.9993 -0.005
vn 0.013 0.9999 -0.005
vn 0.0145 0.9999 -0.0065
vn -0.032 0.9995 -0.0064
vn -0.0343 0.9994 -0.0042
vn -0.0248 0.9997 -0.0042
vn -0.0244 0.9997 -0.0046
vn -0.095 0.9955 -0.0045
vn -0.1018 0.9948 0.0024
vn -0.0286 0.9996 0.0024
vn -0.0285 0.9996 0.0022
vn -0.0198 0.9998 0.0022
vn -0.0193 0.9998 0.0017
vn -0.0007 1 0.0017
vn -0.0028 1 0.0038
vn 0.0232 0.9997 0.0038
vn 0.026 0.9997 0.001
vn -0.013 0.9999 0.001
vn -0.0086 1 -0.0034
vn -0.0349 0.9994 -0.0034
vn -0.034 0.9994 -0.0043
vn -0.1001 0.995 -0.0043
vn -0.0995 0.995 -0.0049
vn -0.0203 0.9998 -0.0049
vn -0.0231 0.9997 -0.0021
vn -0.0286 0.9996 -0.0021
vn -0.0285 0.9996 -0.0022
vn -0.0036 1 -0.0053
vn 0.0006 1 -0.0095
vn 0.0158 0.9998 -0.0095
vn -0.0169 0.9996 0.0233
vn 0.0062 0.9997 0.0233
vn 0.0223 0.9997 0.0072
vn 0.0199 0.9998 0.0072
vn 0.0344 0.9994 -0.0073
vn -0.02 0.9998 -0.0073
vn -0.0121 0.9998 -0.0152
vn -0.0102 0.9998 -0.0152
vn -0.0421 0.999 0.0167
vn -0.0552 0.9983 0.0167
vn -0.0408 0.9992 0.0023
vn -0.098 0.9952 0.0023
vn -0.0819 0.9965 -0.014
vn -0.0051 0.9999 -0.014
vn 0.0014 0.9998 -0.0204
vn 0.0144 0.9997 -0.0204
vn -0.0145 0.9999 0.0085
vn 0.0224 0.9997 0.0085
vn 0.0366 0.9993 -0.0057
vn -0.0014 1 -0.0057
vn 0.013 0.9997 -0.0201
vn -0.0016 0.9998 -0.0201
vn -0.032 0.9994 0.0103
vn -0.0296 0.9995 0.0103
vn -0.0248 0.9997 0.0055
vn -0.1126 0.9936 0.0054
vn -0.095 0.9954 -0.0124
vn -0.0434 0.999 -0.0124
vn -0.0286 0.9992 -0.0272
vn 0.0135 0.9995 -0.0272
vn -0.0198 0.9998 0.0061
vn -0.0057 1 0.0061
vn -0.0007 1 0.0011
vn 0.0194 0.9998 0.0011
vn 0.0232 0.9997 -0.0027
vn 0.0172 0.9998 -0.0027
vn -0.013 0.9995 0.0276
vn -0.0477 0.9985 0.0276
vn -0.0349 0.9993 0.0147
vn -0.1135 0.9934 0.0146
vn -0.1001 0.995 0.0011
vn -0.0268 0.9996 0.0011
vn -0.0203 0.9998 -0.0054
vn 0.0043 1 -0.0054
vn -0.0286 0.9992 0.0275
vn 0.0017 1 -0.0061
vn -0.0036 1 -0.0008
vn 0.0211 0.9998 -0.0008
vn 0.0158 0.9999 0.0045
vn 0.003 1 0.0045
vn 0.0062 1 0.0013
vn 0.0155 0.9999 0.0013
vn 0.0199 0.9998 -0.0031
vn -0.0187 0.9998 -0.0031
vn -0.02 0.9998 -0.0018
vn -0.0064 1 -0.0018
vn -0.0102 0.9999 0.002
vn -0.0599 0.9982 0.002
vn -0.0552 0.9985 -0.0027
vn -0.1014 0.9948 -0.0027
vn -0.098 0.9952 -0.0061
vn -0.0017 1 -0.0061
vn -0.0051 1 -0.0027
vn 0.0146 0.9999 -0.0027
vn 0.0144 0.9999 -0.0025
vn 0.0171 0.9998 -0.0025
vn 0.0224 0.9997 -0.0077
vn -0.0061 1 -0.0078
vn -0.0014 0.9999 -0.0125
vn 0.0043 0.9999 -0.0125
vn -0.0016 1 -0.0066
vn -0.0253 0.9997 -0.0066
vn -0.0296 0.9996 -0.0023
vn -0.1204 0.9927 -0.0023
vn -0.1126 0.9936 -0.0101
vn -0.0488 0.9988 -0.0102
vn -0.0434 0.9989 -0.0156
vn 0.02 0.9997 -0.0156
vn 0.0135 0.9999 -0.0091
vn 0.004 1 -0.0091
vn -0.0057 1 0.0006
vn 0.0268 0.9996 0.0006
vn 0.0194 0.9998 0.0079
vn 0.0208 0.9998 0.0079
vn 0.0172 0.9998 0.0115
vn -0.0513 0.9986 0.0115
vn -0.0477 0.9988 0.0078
vn -0.1171 0.9931 0.0078
vn -0.1135 0.9935 0.0042
vn -0.0203 0.9998 0.0042
vn -0.0268 0.9996 0.0107
vn 0.009 0.9999 0.0107
vn 0.0043 0.9999 0.0154
vn 0.0013 1 -0.0058
vn 0.0017 1 -0.0061
vn 0.0227 0.9997 -0.0061
vn 0.0211 0.9998 -0.0046
vn 0.0005 1 -0.0046
vn 0.003 1 -0.0071
vn 0.017 0.9998 -0.0071
vn 0.0155 0.9999 -0.0055
vn -0.0125 0.9999 -0.0055
vn -0.0187 0.9998 0.0007
vn -0.0064 1 0.0007
vn -0.0064 1 0.0006
vn -0.0586 0.9983 0.0006
vn -0.0599 0.9982 0.0019
vn -0.1042 0.9946 0.0019
vn -0.1014 0.9948 -0.0009
vn -0.002 1 -0.0009
vn -0.0017 1 -0.0012
vn 0.0088 1 -0.0012
vn 0.0146 0.9999 -0.007
vn 0.0159 0.9998 -0.007
vn 0.0171 0.9998 -0.0083
vn -0.0051 1 -0.0083
vn -0.0061 1 -0.0074
vn 0.0014 1 -0.0074
vn 0.0043 0.9999 -0.0103
vn -0.0245 0.9996 -0.0103
vn -0.0253 0.9996 -0.0095
vn -0.114 0.9934 -0.0094
vn -0.1204 0.9927 -0.003
vn -0.0487 0.9988 -0.003
vn -0.0488 0.9988 -0.0029
vn 0.023 0.9997 -0.0029
vn 0.02 0.9998 0.0001
vn 0.0049 1 0.0001
vn 0.004 1 0.0011
vn 0.0303 0.9995 0.0011
vn 0.0268 0.9996 0.0046
vn 0.0181 0.9998 0.0046
vn 0.0208 0.9998 0.002
vn -0.0512 0.9987 0.002
vn -0.0513 0.9987 0.0021
vn -0.1153 0.9933 0.0021
vn -0.1171 0.9931 0.0039
vn -0.0228 0.9997 0.0039
vn -0.0203 0.9998 0.0014
vn 0.0101 0.9999 0.0014
vn 0.009 1 0.0025
vn 0.0018 1 -0.0038
vn 0.0013 1 -0.0033
vn 0.0225 0.9997 -0.0033
vn 0.0227 0.9997 -0.0035
vn 0.0035 1 -0.0035
vn 0.0005 1 -0.0005
vn 0.0169 0.9999 -0.0005
vn 0.017 0.9999 -0.0006
vn -0.0142 0.9999 -0.0006
vn -0.0125 0.9999 -0.0023
vn -0.0056 1 -0.0023
vn -0.0064 1 -0.0015
vn -0.0587 0.9983 -0.0015
vn -0.0586 0.9983 -0.0017
vn -0.1014 0.9948 -0.0016
vn -0.1042 0.9946 0.0011
vn -0.0037 1 0.0011
vn -0.002 1 -0.0006
vn 0.005 1 -0.0006
vn 0.0088 1 -0.0044
vn 0.0158 0.9999 -0.0044
vn 0.0159 0.9999 -0.0044
vn -0.0054 1 -0.0044
vn -0.0051 1 -0.0047
vn 0.0039 1 -0.0047
vn 0.0014 1 -0.0021
vn -0.0245 0.9997 -0.0021
vn -0.0245 0.9997 -0.0021
vn -0.116 0.9932 -0.0021
vn -0.114 0.9935 -0.0041
vn -0.0478 0.9989 -0.0041
vn -0.0487 0.9988 -0.0031
vn 0.0237 0.9997 -0.0031
vn 0.023 0.9997 -0.0025
vn 0.0093 1 -0.0025
vn 0.0049 1 0.0019
vn 0.0309 0.9995 0.0019
vn 0.0303 0.9995 0.0025
vn 0.0151 0.9999 0.0025
vn 0.0181 0.9998 -0.0005
vn -0.0505 0.9987 -0.0005
vn -0.0512 0.9987 0.0002
vn -0.1153 0.9933 0.0002
vn -0.1153 0.9933 0.0002
vn -0.02 0.9998 0.0002
vn -0.0228 0.9997 0.003
vn 0.0103 0.9999 0.003
vn 0.0101 0.9999 0.0032
g ground
usemtl ground
f 1//1 2//1 3//1
f 4//2 5//2 6//2
f 7//3 8//3 9//3
f 10//4 11//4 12//4
f 13//5 14//5 15//5
f 16//6 17//6 18//6
f 19//7 20//7 21//7
f 22//8 23//8 24//8
f 25//9 26//9 27//9
f 28//10 29//10 30//10
f 31//11 32//11 33//11
f 34//12 35//12 36//12
f 37//13 38//13 39//13
f 40//14 41//14 42//14
f 43//15 44//15 45//15
f 46//16 47//16 48//16
f 49//17 50//17 51//17
f 52//18 53//18 54//18
f 55//19 56//19 57//19
f 58//20 59//20 60//20
f 61//21 62//21 63//21
f 64//22 65//22 66//22
f 67//23 68//23 69//23
f 70//24 71//24 72//24
f 73//25 74//25 75//25
f 76//26 77//26 78//26
f 79//27 80//27 81//27
f 82//28 83//28 84//28
f 85//29 86//29 87//29
f 88//30 89//30 90//30
f 91//31 92//31 93//31
f 94//32 95//32 96//32
f 97//33 98//33 99//33
f 100//34 101//34 102//34
f 103//35 104//35 105//35
f 106//36 107//36 108//36
f 109//37 110//37 111//37
f 112//38 113//38 114//38
f 115//39 116//39 117//39
f 118//40 119//40 120//40
f 121//41 122//41 123//41
f 124//42 125//42 126//42
f 127//43 128//43 129//43
f 130//44 131//44 132//44
f 133//45 134//45 135//45
f 136//46 137//46 138//46
f 139//47 140//47 141//47
f 142//48 143//48 144//48
f 145//49 146//49 147//49
f 148//50 149//50 150//50
f 151//51 152//51 153//51
f 154//52 155//52 156//52
f 157//53 158//53 159//53
f 160//54 161//54 162//54
f 163//55 164//55 165//55
f 166//56 167//56 168//56
f 169//57 170//57 171//57
f 172//58 173//58 174//58
f 175//59 176//59 177//59
f 178//60 179//60 180//60
f 181//61 182//61 183//61
f 184//62 185//62 186//62
f 187//63 188//63 189//63
f 190//64 191//64 192//64
f 193//65 194//65 195//65
f 196//66 197//66 198//66
f 199//67 200//67 201//67
f 202//68 203//68 204//68
f 205//69 206//69 207//69
f 208//70 209//70 210//70
f 211//71 212//71 213//71
f 214//72 215//72 216//72
f 217//73 218//73 219//73
f 220//74 221//74 222//74
f 223//75 224//75 225//75
f 226//76 227//76 228//76
f 229//77 230//77 231//77
f 232//78 233//78 234//78
f 235//79 236//79 237//79
f 238//80 239//80 240//80
f 241//81 242//81 243//81
f 244//82 245//82 246//82
f 247//83 248//83 249//83
f 250//84 251//84 252//84
f 253//85 254//85 255//85
f 256//86 257//86 258//86
f 259//87 260//87 261//87
f 262//88 263//88 264//88
f 265//89 266//89 267//89
f 268//90 269//90 270//90
f 271//91 272//91 273//91
f 274//92 275//92 276//92
f 277//93 278//93 279//93
f 280//94 281//94 282//94
f 283//95 284//95 285//95
f 286//96 287//96 288//96
f 289//97 290//97 291//97
f 292//98 293//98 294//98
f 295//99 296//99 297//99
f 298//100 299//100 300//100
f 301//101 302//101 303//101
f 304//102 305//102 306//102
f 307//103 308//103 309//103
f 310//104 311//104 312//104
f 313//105 314//105 315//105
f 316//106 317//106 318//106
f 319//107 320//107 321//107
f 322//108 323//108 324//108
f 325//109 326//109 327//109
f 328//110 329//110 330//110
f 331//111 332//111 333//111
f 334//112 335//112 336//112
f 337//113 338//113 339//113
f 340//114 341//114 342//114
f 343//115 344//115 345//115
f 346//116 347//116 348//116
f 349//117 350//117 351//117
f 352//118 353//118 354//118
f 355//119 356//119 357//119
f 358//120 359//120 360//120
f 361//121 362//121 363//121
f 364//122 365//122 366//122
f 367//123 368//123 369//123
f 370//124 371//124 372//124
f 373//125 374//125 375//125
f 376//126 377//126 378//126
f 379//127 380//127 381//127
f 382//128 383//128 384//128
f 385//129 386//129 387//129
f 388//130 389//130 390//130
f 391//131 392//131 393//131
f 394//132 395//132 396//132
f 397//133 398//133 399//133
f 400//134 401//134 402//134
f 403//135 404//135 405//135
f 406//136 407//136 408//136
f 409//137 410//137 411//137
f 412//138 413//138 414//138
f 415//139 416//139 417//139
f 418//140 419//140 420//140
f 421//141 422//141 423//141
f 424//142 425//142 426//142
f 427//143 428//143 429//143
f 430//144 431//144 432//144
f 433//145 434//145 435//145
f 436//146 437//146 438//146
f 439//147 440//147 441//147
f 442//148 443//148 444//148
f 445//149 446//149 447//149
f 448//150 449//150 450//150
f 451//151 452//151 453//151
f 454//152 455//152 456//152
f 457//153 458//153 459//153
f 460//154 461//154 462//154
f 463//155 464//155 465//155
f 466//156 467//156 468//156
f 469//157 470//157 471//157
f 472//158 473//158 474//158
f 475//159 476//159 477//159
f 478//160 479//160 480//160
f 481//161 482//161 483//161
f 484//162 485//162 486//162
f 487//163 488//163 489//163
f 490//164 491//164 492//164
f 493//165 494//165 495//165
f 496//166 497//166 498//166
f 499//167 500//167 501//167
f 502//168 503//168 504//168
f 505//169 506//169 507//169
f 508//170 509//170 510//170
f 511//171 512//171 513//171
f 514//172 515//172 516//172
f 517//173 518//173 519//173
f 520//174 521//174 522//174
f 523//175 524//175 525//175
f 526//176 527//176 528//176
f 529//177 530//177 531//177
f 532//178 533//178 534//178
f 535//179 536//179 537//179
f 538//180 539//180 540//180
f 541//181 542//181 543//181
f 544//182 545//182 546//182
f 547//183 548//183 549//183
f 550//184 551//184 552//184
f 553//185 554//185 555//185
f 556//186 557//186 558//186
f 559//187 560//187 561//187
f 562//188 563//188 564//188
f 565//189 566//189 567//189
f 568//190 569//190 570//190
f 571//191 572//191 573//191
f 574//192 575//192 576//192
f 577//193 578//193 579//193
f 580//194 581//194 582//194
f 583//195 584//195 585//195
f 586//196 587//196 588//196
f 589//197 590//197 591//197
f 592//198 593//198 594//198
f 595//199 596//199 597//199
f 598//200 599//200 600//200
f 601//201 602//201 603//201
f 604//202 605//202 606//202
f 607//203 608//203 609//203
f 610//204 611//204 612//204
f 613//205 614//205 615//205
f 616//206 617//206 618//206
f 619//207 620//207 621//207
f 622//208 623//208 624//208
f 625//209 626//209 627//209
f 628//210 629//210 630//210
f 631//211 632//211 633//211
f 634//212 635//212 636//212
f 637//213 638//213 639//213
f 640//214 641//214 642//214
f 643//215 644//215 645//215
f 646//216 647//216 648//216
f 649//217 650//217 651//217
f 652//218 653//218 654//218
f 655//219 656//219 657//219
f 658//220 659//220 660//220
f 661//221 662//221 663//221
f 664//222 665//222 666//222
f 667//223 668//223 669//223
f 670//224 671//224 672//224
f 673//225 674//225 675//225
f 676//226 677//226 678//226
f 679//227 680//227 681//227
f 682//228 683//228 684//228
f 685//229 686//229 687//229
f 688//230 689//230 690//230
f 691//231 692//231 693//231
f 694//232 695//232 696//232
f 697//233 698//233 699//233
f 700//234 701//234 702//234
f 703//235 704//235 705//235
f 706//236 707//236 708//236
f 709//237 710//237 711//237
f 712//238 713//238 714//238
f 715//239 716//239 717//239
f 718//240 719//240 720//240
f 721//241 722//241 723//241
f 724//242 725//242 726//242
f 727//243 728//243 729//243
f 730//244 731//244 732//244
f 733//245 734//245 735//245
f 736//246 737//246 738//246
f 739//247 740//247 741//247
f 742//248 743//248 744//248
f 745//249 746//249 747//249
f 748//250 749//250 750//250
f 751//251 752//251 753//251
f 754//252 755//252 756//252
f 757//253 758//253 759//253
f 760//254 761//254 762//254
f 763//255 764//255 765//255
f 766//256 767//256 768//256
f 769//257 770//257 771//257
f 772//258 773//258 774//258
f 775//259 776//259 777//259
f 778//260 779//260 780//260
f 781//261 782//261 783//261
f 784//262 785//262 786//262
f 787//263 788//263 789//263
f 790//264 791//264 792//264
f 793//265 794//265 795//265
f 796//266 797//266 798//266
f 799//267 800//267 801//267
f 802//268 803//268 804//268
f 805//269 806//269 807//269
f 808//270 809//270 810//270
f 811//271 812//271 813//271
f 814//272 815//272 816//272
f 817//273 818//273 819//273
f 820//274 821//274 822//274
f 823//275 824//275 825//275
f 826//276 827//276 828//276
f 829//277 830//277 831//277
f 832//278 833//278 834//278
f 835//279 836//279 837//279
f 838//280 839//280 840//280
f 841//281 842//281 843//281
f 844//282 845//282 846//282
f 847//283 848//283 849//283
f 850//284 851//284 852//284
f 853//285 854//285 855//285
f 856//286 857//286 858//286
f 859//287 860//287 861//287
f 862//288 863//288 864//288
f 865//289 866//289 867//289
f 868//290 869//290 870//290
f 871//291 872//291 873//291
f 874//292 875//292 876//292
f 877//293 878//293 879//293
f 880//294 881//294 882//294
f 883//295 884//295 885//295
f 886//296 887//296 888//296
f 889//297 890//297 891//297
f 892//298 893//298 894//298
f 895//299 896//299 897//299
f 898//300 899//300 900//300
f 901//301 902//301 903//301
f 904//302 905//302 906//302
f 907//303 908//303 909//303
f 910//304 911//304 912//304
f 913//305 914//305 915//305
f 916//306 917//306 918//306
f 919//307 920//307 921//307
f 922//308 923//308 924//308
f 925//309 926//309 927//309
f 928//310 929//310 930//310
f 931//311 932//311 933//311
f 934//312 935//312 936//312
f 937//313 938//313 939//313
f 940//314 941//314 942//314
f 943//315 944//315 945//315
f 946//316 947//316 948//316
f 949//317 950//317 951//317
f 952//318 953//318 954//318
f 955//319 956//319 957//319
f 958//320 959//320 960//320
f 961//321 962//321 963//321
f 964//322 965//322 966//322
f 967//323 968//323 969//323
f 970//324 971//324 972//324
f 973//325 974//325 975//325
f 976//326 977//326 978//326
f 979//327 980//327 981//327
f 982//328 983//328 984//328
f 985//329 986//329 987//329
f 988//330 989//330 990//330
f 991//331 992//331 993//331
f 994//332 995//332 996//332
f 997//333 998//333 999//333
f 1000//334 1001//334 1002//334
f 1003//335 1004//335 1005//335
f 1006//336 1007//336 1008//336
f 1009//337 1010//337 1011//337
f 1012//338 1013//338 1014//338
f 1015//339 1016//339 1017//339
f 1018//340 1019//340 1020//340
f 1021//341 1022//341 1023//341
f 1024//342 1025//342 1026//342
f 1027//343 1028//343 1029//343
f 1030//344 1031//344 1032//344
f 1033//345 1034//345 1035//345
f 1036//346 1037//346 1038//346
f 1039//347 1040//347 1041//347
f 1042//348 1043//348 1044//348
f 1045//349 1046//349 1047//349
f 1048//350 1049//350 1050//350
f 1051//351 1052//351 1053//351
f 1054//352 1055//352 1056//352
f 1057//353 1058//353 1059//353
f 1060//354 1061//354 1062//354
f 1063//355 1064//355 1065//355
f 1066//356 1067//356 1068//356
f 1069//357 1070//357 1071//357
f 1072//358 1073//358 1074//358
f 1075//359 1076//359 1077//359
f 1078//360 1079//360 1080//360
f 1081//361 1082//361 1083//361
f 1084//362 1085//362 1086//362
f 1087//363 1088//363 1089//363
f 1090//364 1091//364 1092//364
f 1093//365 1094//365 1095//365
f 1096//366 1097//366 1098//366
f 1099//367 1100//367 1101//367
f 1102//368 1103//368 1104//368
f 1105//369 1106//369 1107//369
f 1108//370 1109//370 1110//370
f 1111//371 1112//371 1113//371
f 1114//372 1115//372 1116//372
f 1117//373 1118//373 1119//373
f 1120//374 1121//374 1122//374
f 1123//375 1124//375 1125//375
f 1126//376 1127//376 1128//376
f 1129//377 1130//377 1131//377
f 1132//378 1133//378 1134//378
f 1135//379 1136//379 1137//379
f 1138//380 1139//380 1140//380
f 1141//381 1142//381 1143//381
f 1144//382 1145//382 1146//382
f 1147//383 1148//383 1149//383
f 1150//384 1151//384 1152//384
f 1153//385 1154//385 1155//385
f 1156//386 1157//386 1158//386
f 1159//387 1160//387 1161//387
f 1162//388 1163//388 1164//388
f 1165//389 1166//389 1167//389
f 1168//390 1169//390 1170//390
f 1171//391 1172//391 1173//391
f 1174//392 1175//392 1176//392
f 1177//393 1178//393 1179//393
f 1180//394 1181//394 1182//394
f 1183//395 1184//395 1185//395
f 1186//396 1187//396 1188//396
f 1189//397 1190//397 1191//397
f 1192//398 1193//398 1194//398
f 1195//399 1196//399 1197//399
f 1198//400 1199//400 1200//400
f 1201//401 1202//401 1203//401
f 1204//402 1205//402 1206//402
f 1207//403 1208//403 1209//403
f 1210//404 1211//404 1212//404
f 1213//405 1214//405 1215//405
f 1216//406 1217//406 1218//406
f 1219//407 1220//407 1221//407
f 1222//408 1223//408 1224//408
f 1225//409 1226//409 1227//409
f 1228//410 1229//410 1230//410
f 1231//411 1232//411 1233//411
f 1234//412 1235//412 1236//412
f 1237//413 1238//413 1239//413
f 1240//414 1241//414 1242//414
f 1243//415 1244//415 1245//415
f 1246//416 1247//416 1248//416
f 1249//417 1250//417 1251//417
f 1252//418 1253//418 1254//418
f 1255//419 1256//419 1257//419
f 1258//420 1259//420 1260//420
f 1261//421 1262//421 1263//421
f 1264//422 1265//422 1266//422
f 1267//423 1268//423 1269//423
f 1270//424 1271//424 1272//424
f 1273//425 1274//425 1275//425
f 1276//426 1277//426 1278//426
f 1279//427 1280//427 1281//427
f 1282//428 1283//428 1284//428
f 1285//429 1286//429 1287//429
f 1288//430 1289//430 1290//430
f 1291//431 1292//431 1293//431
f 1294//432 1295//432 1296//432
f 1297//433 1298//433 1299//433
f 1300//434 1301//434 1302//434
f 1303//435 1304//435 1305//435
f 1306//436 1307//436 1308//436
f 1309//437 1310//437 1311//437
f 1312//438 1313//438 1314//438
f 1315//439 1316//439 1317//439
f 1318//440 1319//440 1320//440
f 1321//441 1322//441 1323//441
f 1324//442 1325//442 1326//442
f 1327//443 1328//443 1329//443
f 1330//444 1331//444 1332//444
f 1333//445 1334//445 1335//445
f 1336//446 1337//446 1338//446
f 1339//447 1340//447 1341//447
f 1342//448 1343//448 1344//448
f 1345//449 1346//449 1347//449
f 1348//450 1349//450 1350//450
f 1351//451 1352//451 1353//451
f 1354//452 1355//452 1356//452
f 1357//453 1358//453 1359//453
f 1360//454 1361//454 1362//454
f 1363//455 1364//455 1365//455
f 1366//456 1367//456 1368//456
f 1369//457 1370//457 1371//457
f 1372//458 1373//458 1374//458
f 1375//459 1376//459 1377//459
f 1378//460 1379//460 1380//460
f 1381//461 1382//461 1383//461
f 1384//462 1385//462 1386//462
f 1387//463 1388//463 1389//463
f 1390//464 1391//464 1392//464
f 1393//465 1394//465 1395//465
f 1396//466 1397//466 1398//466
f 1399//467 1400//467 1401//467
f 1402//468 1403//468 1404//468
f 1405//469 1406//469 1407//469
f 1408//470 1409//470 1410//470
f 1411//471 1412//471 1413//471
f 1414//472 1415//472 1416//472
f 1417//473 1418//473 1419//473
f 1420//474 1421//474 1422//474
f 1423//475 1424//475 1425//475
f 1426//476 1427//476 1428//476
f 1429//477 1430//477 1431//477
f 1432//478 1433//478 1434//478
f 1435//479 1436//479 1437//479
f 1438//480 1439//480 1440//480
f 1441//481 1442//481 1443//481
f 1444//482 1445//482 1446//482
f 1447//483 1448//483 1449//483
f 1450//484 1451//484 1452//484
f 1453//485 1454//485 1455//485
f 1456//486 1457//486 1458//486
f 1459//487 1460//487 1461//487
f 1462//488 1463//488 1464//488
f 1465//489 1466//489 1467//489
f 1468//490 1469//490 1470//490
f 1471//491 1472//491 1473//491
f 1474//492 1475//492 1476//492
f 1477//493 1478//493 1479//493
f 1480//494 1481//494 1482//494
f 1483//495 1484//495 1485//495
f 1486//496 1487//496 1488//496
f 1489//497 1490//497 1491//497
f 1492//498 1493//498 1494//498
f 1495//499 1496//499 1497//499
f 1498//500 1499//500 1500//500
f 1501//501 1502//501 1503//501
f 1504//502 1505//502 1506//502
f 1507//503 1508//503 1509//503
f 1510//504 1511//504 1512//504
f 1513//505 1514//505 1515//505
f 1516//506 1517//506 1518//506
f 1519//507 1520//507 1521//507
f 1522//508 1523//508 1524//508
f 1525//509 1526//509 1527//509
f 1528//510 1529//510 1530//510
f 1531//511 1532//511 1533//511
f 1534//512 1535//512 1536//512
f 1537//513 1538//513 1539//513
f 1540//514 1541//514 1542//514
f 1543//515 1544//515 1545//515
f 1546//516 1547//516 1548//516
f 1549//517 1550//517 1551//517
f 1552//518 1553//518 1554//518
f 1555//519 1556//519 1557//519
f 1558//520 1559//520 1560//520
f 1561//521 1562//521 1563//521
f 1564//522 1565//522 1566//522
f 1567//523 1568//523 1569//523
f 1570//524 1571//524 1572//524
f 1573//525 1574//525 1575//525
f 1576//526 1577//526 1578//526
f 1579//527 1580//527 1581//527
f 1582//528 1583//528 1584//528
f 1585//529 1586//529 1587//529
f 1588//530 1589//530 1590//530
f 1591//531 1592//531 1593//531
f 1594//532 1595//532 1596//532
f 1597//533 1598//533 1599//533
f 1600//534 1601//534 1602//534
f 1603//535 1604//535 1605//535
f 1606//536 1607//536 1608//536
f 1609//537 1610//537 1611//537
f 1612//538 1613//538 1614//538
f 1615//539 1616//539 1617//539
f 1618//540 1619//540 1620//540
f 1621//541 1622//541 1623//541
f 1624//542 1625//542 1626//542
f 1627//543 1628//543 1629//543
f 1630//544 1631//544 1632//544
f 1633//545 1634//545 1635//545
f 1636//546 1637//546 1638//546
f 1639//547 1640//547 1641//547
f 1642//548 1643//548 1644//548
f 1645//549 1646//549 1647//549
f 1648//550 1649//550 1650//550
f 1651//551 1652//551 1653//551
f 1654//552 1655//552 1656//552
f 1657//553 1658//553 1659//553
f 1660//554 1661//554 1662//554
f 1663//555 1664//555 1665//555
f 1666//556 1667//556 1668//556
f 1669//557 1670//557 1671//557
f 1672//558 1673//558 1674//558
f 1675//559 1676//559 1677//559
f 1678//560 1679//560 1680//560
f 1681//561 1682//561 1683//561
f 1684//562 1685//562 1686//562
f 1687//563 1688//563 1689//563
f 1690//564 1691//564 1692//564
f 1693//565 1694//565 1695//565
f 1696//566 1697//566 1698//566
f 1699//567 1700//567 1701//567
f 1702//568 1703//568 1704//568
f 1705//569 1706//569 1707//569
f 1708//570 1709//570 1710//570
f 1711//571 1712//571 1713//571
f 1714//572 1715//572 1716//572
f 1717//573 1718//573 1719//573
f 1720//574 1721//574 1722//574
f 1723//575 1724//575 1725//575
f 1726//576 1727//576 1728//576
f 1729//577 1730//577 1731//577
f 1732//578 1733//578 1734//578
f 1735//579 1736//579 1737//579
f 1738//580 1739//580 1740//580
f 1741//581 1742//581 1743//581
f 1744//582 1745//582 1746//582
f 1747//583 1748//583 1749//583
f 1750//584 1751//584 1752//584
f 1753//585 1754//585 1755//585
f 1756//586 1757//586 1758//586
f 1759//587 1760//587 1761//587
f 1762//588 1763//588 1764//588
f 1765//589 1766//589 1767//589
f 1768//590 1769//590 1770//590
f 1771//591 1772//591 1773//591
f 1774//592 1775//592 1776//592
f 1777//593 1778//593 1779//593
f 1780//594 1781//594 1782//594
f 1783//595 1784//595 1785//595
f 1786//596 1787//596 1788//596
f 1789//597 1790//597 1791//597
f 1792//598 1793//598 1794//598
f 1795//599 1796//599 1797//599
f 1798//600 1799//600 1800//600
f 1801//601 1802//601 1803//601
f 1804//602 1805//602 1806//602
f 1807//603 1808//603 1809//603
f 1810//604 1811//604 1812//604
f 1813//605 1814//605 1815//605
f 1816//606 1817//606 1818//606
f 1819//607 1820//607 1821//607
f 1822//608 1823//608 1824//608
f 1825//609 1826//609 1827//609
f 1828//610 1829//610 1830//610
f 1831//611 1832//611 1833//611
f 1834//612 1835//612 1836//612
f 1837//613 1838//613 1839//613
f 1840//614 1841//614 1842//614
f 1843//615 1844//615 1845//615
f 1846//616 1847//616 1848//616
f 1849//617 1850//617 1851//617
f 1852//618 1853//618 1854//618
f 1855//619 1856//619 1857//619
f 1858//620 1859//620 1860//620
f 1861//621 1862//621 1863//621
f 1864//622 1865//622 1866//622
f 1867//623 1868//623 1869//623
f 1870//624 1871//624 1872//624
f 1873//625 1874//625 1875//625
f 1876//626 1877//626 1878//626
f 1879//627 1880//627 1881//627
f 1882//628 1883//628 1884//628
f 1885//629 1886//629 1887//629
f 1888//630 1889//630 1890//630
f 1891//631 1892//631 1893//631
f 1894//632 1895//632 1896//632
f 1897//633 1898//633 1899//633
f 1900//634 1901//634 1902//634
f 1903//635 1904//635 1905//635
f 1906//636 1907//636 1908//636
f 1909//637 1910//637 1911//637
f 1912//638 1913//638 1914//638
f 1915//639 1916//639 1917//639
f 1918//640 1919//640 1920//640
f 1921//641 1922//641 1923//641
f 1924//642 1925//642 1926//642
f 1927//643 1928//643 1929//643
f 1930//644 1931//644 1932//644
f 1933//645 1934//645 1935//645
f 1936//646 1937//646 1938//646
f 1939//647 1940//647 1941//647
f 1942//648 1943//648 1944//648
f 1945//649 1946//649 1947//649
f 1948//650 1949//650 1950//650
f 1951//651 1952//651 1953//651
f 1954//652 1955//652 1956//652
f 1957//653 1958//653 1959//653
f 1960//654 1961//654 1962//654
f 1963//655 1964//655 1965//655
f 1966//656 1967//656 1968//656
f 1969//657 1970//657 1971//657
f 1972//658 1973//658 1974//658
f 1975//659 1976//659 1977//659
f 1978//660 1979//660 1980//660
f 1981//661 1982//661 1983//661
f 1984//662 1985//662 1986//662
f 1987//663 1988//663 1989//663
f 1990//664 1991//664 1992//664
f 1993//665 1994//665 1995//665
f 1996//666 1997//666 1998//666
f 1999//667 2000//667 2001//667
f 2002//668 2003//668 2004//668
f 2005//669 2006//669 2007//669
f 2008//670 2009//670 2010//670
f 2011//671 2012//671 2013//671
f 2014//672 2015//672 2016//672
f 2017//673 2018//673 2019//673
f 2020//674 2021//674 2022//674
f 2023//675 2024//675 2025//675
f 2026//676 2027//676 2028//676
f 2029//677 2030//677 2031//677
f 2032//678 2033//678 2034//678
f 2035//679 2036//679 2037//679
f 2038//680 2039//680 2040//680
f 2041//681 2042//681 2043//681
f 2044//682 2045//682 2046//682
f 2047//683 2048//683 2049//683
f 2050//684 2051//684 2052//684
f 2053//685 2054//685 2055//685
f 2056//686 2057//686 2058//686
f 2059//687 2060//687 2061//687
f 2062//688 2063//688 2064//688
f 2065//689 2066//689 2067//689
f 2068//690 2069//690 2070//690
f 2071//691 2072//691 2073//691
f 2074//692 2075//692 2076//692
f 2077//693 2078//693 2079//693
f 2080//694 2081//694 2082//694
f 2083//695 2084//695 2085//695
f 2086//696 2087//696 2088//696
f 2089//697 2090//697 2091//697
f 2092//698 2093//698 2094//698
f 2095//699 2096//699 2097//699
f 2098//700 2099//700 2100//700
f 2101//701 2102//701 2103//701
f 2104//702 2105//702 2106//702
f 2107//703 2108//703 2109//703
f 2110//704 2111//704 2112//704
f 2113//705 2114//705 2115//705
f 2116//706 2117//706 2118//706
f 2119//707 2120//707 2121//707
f 2122//708 2123//708 2124//708
f 2125//709 2126//709 2127//709
f 2128//710 2129//710 2130//710
f 2131//711 2132//711 2133//711
f 2134//712 2135//712 2136//712
f 2137//713 2138//713 2139//713
f 2140//714 2141//714 2142//714
f 2143//715 2144//715 2145//715
f 2146//716 2147//716 2148//716
f 2149//717 2150//717 2151//717
f 2152//718 2153//718 2154//718
f 2155//719 2156//719 2157//719
f 2158//720 2159//720 2160//720
f 2161//721 2162//721 2163//721
f 2164//722 2165//722 2166//722
f 2167//723 2168//723 2169//723
f 2170//724 2171//724 2172//724
f 2173//725 2174//725 2175//725
f 2176//726 2177//726 2178//726
f 2179//727 2180//727 2181//727
f 2182//728 2183//728 2184//728
f 2185//729 2186//729 2187//729
f 2188//730 2189//730 2190//730
f 2191//731 2192//731 2193//731
f 2194//732 2195//732 2196//732
f 2197//733 2198//733 2199//733
f 2200//734 2201//734 2202//734
f 2203//735 2204//735 2205//735
f 2206//736 2207//736 2208//736
f 2209//737 2210//737 2211//737
f 2212//738 2213//738 2214//738
f 2215//739 2216//739 2217//739
f 2218//740 2219//740 2220//740
f 2221//741 2222//741 2223//741
f 2224//742 2225//742 2226//742
f 2227//743 2228//743 2229//743
f 2230//744 2231//744 2232//744
f 2233//745 2234//745 2235//745
f 2236//746 2237//746 2238//746
f 2239//747 2240//747 2241//747
f 2242//748 2243//748 2244//748
f 2245//749 2246//749 2247//749
f 2248//750 2249//750 2250//750
f 2251//751 2252//751 2253//751
f 2254//752 2255//752 2256//752
f 2257//753 2258//753 2259//753
f 2260//754 2261//754 2262//754
f 2263//755 2264//755 2265//755
f 2266//756 2267//756 2268//756
f 2269//757 2270//757 2271//757
f 2272//758 2273//758 2274//758
f 2275//759 2276//759 2277//759
f 2278//760 2279//760 2280//760
f 2281//761 2282//761 2283//761
f 2284//762 2285//762 2286//762
f 2287//763 2288//763 2289//763
f 2290//764 2291//764 2292//764
f 2293//765 2294//765 2295//765
f 2296//766 2297//766 2298//766
f 2299//767 2300//767 2301//767
f 2302//768 2303//768 2304//768
f 2305//769 2306//769 2307//769
f 2308//770 2309//770 2310//770
f 2311//771 2312//771 2313//771
f 2314//772 2315//772 2316//772
f 2317//773 2318//773 2319//773
f 2320//774 2321//774 2322//774
f 2323//775 2324//775 2325//775
f 2326//776 2327//776 2328//776
f 2329//777 2330//777 2331//777
f 2332//778 2333//778 2334//778
f 2335//779 2336//779 2337//779
f 2338//780 2339//780 2340//780
f 2341//781 2342//781 2343//781
f 2344//782 2345//782 2346//782
f 2347//783 2348//783 2349//783
f 2350//784 2351//784 2352//784
f 2353//785 2354//785 2355//785
f 2356//786 2357//786 2358//786
f 2359//787 2360//787 2361//787
f 2362//788 2363//788 2364//788
f 2365//789 2366//789 2367//789
f 2368//790 2369//790 2370//790
f 2371//791 2372//791 2373//791
f 2374//792 2375//792 2376//792
f 2377//793 2378//793 2379//793
f 2380//794 2381//794 2382//794
f 2383//795 2384//795 2385//795
f 2386//796 2387//796 2388//796
f 2389//797 2390//797 2391//797
f 2392//798 2393//798 2394//798
f 2395//799 2396//799 2397//799
f 2398//800 2399//800 2400//800
f 2401//801 2402//801 2403//801
f 2404//802 2405//802 2406//802
f 2407//803 2408//803 2409//803
f 2410//804 2411//804 2412//804
f 2413//805 2414//805 2415//805
f 2416//806 2417//806 2418//806
f 2419//807 2420//807 2421//807
f 2422//808 2423//808 2424//808
f 2425//809 2426//809 2427//809
f 2428//810 2429//810 2430//810
f 2431//811 2432//811 2433//811
f 2434//812 2435//812 2436//812
f 2437//813 2438//813 2439//813
f 2440//814 2441//814 2442//814
f 2443//815 2444//815 2445//815
f 2446//816 2447//816 2448//816
f 2449//817 2450//817 2451//817
f 2452//818 2453//818 2454//818
f 2455//819 2456//819 2457//819
f 2458//820 2459//820 2460//820
f 2461//821 2462//821 2463//821
f 2464//822 2465//822 2466//822
f 2467//823 2468//823 2469//823
f 2470//824 2471//824 2472//824
f 2473//825 2474//825 2475//825
f 2476//826 2477//826 2478//826
f 2479//827 2480//827 2481//827
f 2482//828 2483//828 2484//828
f 2485//829 2486//829 2487//829
f 2488//830 2489//830 2490//830
f 2491//831 2492//831 2493//831
f 2494//832 2495//832 2496//832
f 2497//833 2498//833 2499//833
f 2500//834 2501//834 2502//834
f 2503//835 2504//835 2505//835
f 2506//836 2507//836 2508//836
f 2509//837 2510//837 2511//837
f 2512//838 2513//838 2514//838
f 2515//839 2516//839 2517//839
f 2518//840 2519//840 2520//840
f 2521//841 2522//841 2523//841
f 2524//842 2525//842 2526//842
f 2527//843 2528//843 2529//843
f 2530//844 2531//844 2532//844
f 2533//845 2534//845 2535//845
f 2536//846 2537//846 2538//846
f 2539//847 2540//847 2541//847
f 2542//848 2543//848 2544//848
f 2545//849 2546//849 2547//849
f 2548//850 2549//850 2550//850
f 2551//851 2552//851 2553//851
f 2554//852 2555//852 2556//852
f 2557//853 2558//853 2559//853
f 2560//854 2561//854 2562//854
f 2563//855 2564//855 2565//855
f 2566//856 2567//856 2568//856
f 2569//857 2570//857 2571//857
f 2572//858 2573//858 2574//858
f 2575//859 2576//859 2577//859
f 2578//860 2579//860 2580//860
f 2581//861 2582//861 2583//861
f 2584//862 2585//862 2586//862
f 2587//863 2588//863 2589//863
f 2590//864 2591//864 2592//864
f 2593//865 2594//865 2595//865
f 2596//866 2597//866 2598//866
f 2599//867 2600//867 2601//867
f 2602//868 2603//868 2604//868
f 2605//869 2606//869 2607//869
f 2608//870 2609//870 2610//870
f 2611//871 2612//871 2613//871
f 2614//872 2615//872 2616//872
f 2617//873 2618//873 2619//873
f 2620//874 2621//874 2622//874
f 2623//875 2624//875 2625//875
f 2626//876 2627//876 2628//876
f 2629//877 2630//877 2631//877
f 2632//878 2633//878 2634//878
f 2635//879 2636//879 2637//879
f 2638//880 2639//880 2640//880
f 2641//881 2642//881 2643//881
f 2644//882 2645//882 2646//882
f 2647//883 2648//883 2649//883
f 2650//884 2651//884 2652//884
f 2653//885 2654//885 2655//885
f 2656//886 2657//886 2658//886
f 2659//887 2660//887 2661//887
f 2662//888 2663//888 2664//888
f 2665//889 2666//889 2667//889
f 2668//890 2669//890 2670//890
f 2671//891 2672//891 2673//891
f 2674//892 2675//892 2676//892
f 2677//893 2678//893 2679//893
f 2680//894 2681//894 2682//894
f 2683//895 2684//895 2685//895
f 2686//896 2687//896 2688//896
f 2689//897 2690//897 2691//897
f 2692//898 2693//898 2694//898
f 2695//899 2696//899 2697//899
f 2698//900 2699//900 2700//900
f 2701//901 2702//901 2703//901
f 2704//902 2705//902 2706//902
f 2707//903 2708//903 2709//903
f 2710//904 2711//904 2712//904
f 2713//905 2714//905 2715//905
f 2716//906 2717//906 2718//906
f 2719//907 2720//907 2721//907
f 2722//908 2723//908 2724//908
f 2725//909 2726//909 2727//909
f 2728//910 2729//910 2730//910
f 2731//911 2732//911 2733//911
f 2734//912 2735//912 2736//912
f 2737//913 2738//913 2739//913
f 2740//914 2741//914 2742//914
f 2743//915 2744//915 2745//915
f 2746//916 2747//916 2748//916
f 2749//917 2750//917 2751//917
f 2752//918 2753//918 2754//918
f 2755//919 2756//919 2757//919
f 2758//920 2759//920 2760//920
f 2761//921 2762//921 2763//921
f 2764//922 2765//922 2766//922
f 2767//923 2768//923 2769//923
f 2770//924 2771//924 2772//924
f 2773//925 2774//925 2775//925
f 2776//926 2777//926 2778//926
f 2779//927 2780//927 2781//927
f 2782//928 2783//928 2784//928
f 2785//929 2786//929 2787//929
f 2788//930 2789//930 2790//930
f 2791//931 2792//931 2793//931
f 2794//932 2795//932 2796//932
f 2797//933 2798//933 2799//933
f 2800//934 2801//934 2802//934
f 2803//935 2804//935 2805//935
f 2806//936 2807//936 2808//936
f 2809//937 2810//937 2811//937
f 2812//938 2813//938 2814//938
f 2815//939 2816//939 2817//939
f 2818//940 2819//940 2820//940
f 2821//941 2822//941 2823//941
f 2824//942 2825//942 2826//942
f 2827//943 2828//943 2829//943
f 2830//944 2831//944 2832//944
f 2833//945 2834//945 2835//945
f 2836//946 2837//946 2838//946
f 2839//947 2840//947 2841//947
f 2842//948 2843//948 2844//948
f 2845//949 2846//949 2847//949
f 2848//950 2849//950 2850//950
f 2851//951 2852//951 2853//951
f 2854//952 2855//952 2856//952
f 2857//953 2858//953 2859//953
f 2860//954 2861//954 2862//954
f 2863//955 2864//955 2865//955
f 2866//956 2867//956 2868//956
f 2869//957 2870//957 2871//957
f 2872//958 2873//958 2874//958
f 2875//959 2876//959 2877//959
f 2878//960 2879//960 2880//960
f 2881//961 2882//961 2883//961
f 2884//962 2885//962 2886//962
f 2887//963 2888//963 2889//963
f 2890//964 2891//964 2892//964
f 2893//965 2894//965 2895//965
f 2896//966 2897//966 2898//966
f 2899//967 2900//967 2901//967
f 2902//968 2903//968 2904//968
f 2905//969 2906//969 2907//969
f 2908//970 2909//970 2910//970
f 2911//971 2912//971 2913//971
f 2914//972 2915//972 2916//972
f 2917//973 2918//973 2919//973
f 2920//974 2921//974 2922//974
f 2923//975 2924//975 2925//975
f 2926//976 2927//976 2928//976
f 2929//977 2930//977 2931//977
f 2932//978 2933//978 2934//978
f 2935//979 2936//979 2937//979
f 2938//980 2939//980 2940//980
f 2941//981 2942//981 2943//981
f 2944//982 2945//982 2946//982
f 2947//983 2948//983 2949//983
f 2950//984 2951//984 2952//984
f 2953//985 2954//985 2955//985
f 2956//986 2957//986 2958//986
f 2959//987 2960//987 2961//987
f 2962//988 2963//988 2964//988
f 2965//989 2966//989 2967//989
f 2968//990 2969//990 2970//990
f 2971//991 2972//991 2973//991
f 2974//992 2975//992 2976//992
f 2977//993 2978//993 2979//993
f 2980//994 2981//994 2982//994
f 2983//995 2984//995 2985//995
f 2986//996 2987//996 2988//996
f 2989//997 2990//997 2991//997
f 2992//998 2993//998 2994//998
f 2995//999 2996//999 2997//999
f 2998//1000 2999//1000 3000//1000
f 3001//1001 3002//1001 3003//1001
f 3004//1002 3005//1002 3006//1002
f 3007//1003 3008//1003 3009//1003
f 3010//1004 3011//1004 3012//1004
f 3013//1005 3014//1005 3015//1005
f 3016//1006 3017//1006 3018//1006
f 3019//1007 3020//1007 3021//1007
f 3022//1008 3023//1008 3024//1008
f 3025//1009 3026//1009 3027//1009
f 3028//1010 3029//1010 3030//1010
f 3031//1011 3032//1011 3033//1011
f 3034//1012 3035//1012 3036//1012
f 3037//1013 3038//1013 3039//1013
f 3040//1014 3041//1014 3042//1014
f 3043//1015 3044//1015 3045//1015
f 3046//1016 3047//1016 3048//1016
f 3049//1017 3050//1017 3051//1017
f 3052//1018 3053//1018 3054//1018
f 3055//1019 3056//1019 3057//1019
f 3058//1020 3059//1020 3060//1020
f 3061//1021 3062//1021 3063//1021
f 3064//1022 3065//1022 3066//1022
f 3067//1023 3068//1023 3069//1023
f 3070//1024 3071//1024 3072//1024
f 3073//1025 3074//1025 3075//1025
f 3076//1026 3077//1026 3078//1026
f 3079//1027 3080//1027 3081//1027
f 3082//1028 3083//1028 3084//1028
f 3085//1029 3086//1029 3087//1029
f 3088//1030 3089//1030 3090//1030
f 3091//1031 3092//1031 3093//1031
f 3094//1032 3095//1032 3096//1032
f 3097//1033 3098//1033 3099//1033
f 3100//1034 3101//1034 3102//1034
f 3103//1035 3104//1035 3105//1035
f 3106//1036 3107//1036 3108//1036
f 3109//1037 3110//1037 3111//1037
f 3112//1038 3113//1038 3114//1038
f 3115//1039 3116//1039 3117//1039
f 3118//1040 3119//1040 3120//1040
f 3121//1041 3122//1041 3123//1041
f 3124//1042 3125//1042 3126//1042
f 3127//1043 3128//1043 3129//1043
f 3130//1044 3131//1044 3132//1044
f 3133//1045 3134//1045 3135//1045
f 3136//1046 3137//1046 3138//1046
f 3139//1047 3140//1047 3141//1047
f 3142//1048 3143//1048 3144//1048
f 3145//1049 3146//1049 3147//1049
f 3148//1050 3149//1050 3150//1050
f 3151//1051 3152//1051 3153//1051
f 3154//1052 3155//1052 3156//1052
f 3157//1053 3158//1053 3159//1053
f 3160//1054 3161//1054 3162//1054
f 3163//1055 3164//1055 3165//1055
f 3166//1056 3167//1056 3168//1056
f 3169//1057 3170//1057 3171//1057
f 3172//1058 3173//1058 3174//1058
f 3175//1059 3176//1059 3177//1059
f 3178//1060 3179//1060 3180//1060
f 3181//1061 3182//1061 3183//1061
f 3184//1062 3185//1062 3186//1062
f 3187//1063 3188//1063 3189//1063
f 3190//1064 3191//1064 3192//1064
f 3193//1065 3194//1065 3195//1065
f 3196//1066 3197//1066 3198//1066
f 3199//1067 3200//1067 3201//1067
f 3202//1068 3203//1068 3204//1068
f 3205//1069 3206//1069 3207//1069
f 3208//1070 3209//1070 3210//1070
f 3211//1071 3212//1071 3213//1071
f 3214//1072 3215//1072 3216//1072
f 3217//1073 3218//1073 3219//1073
f 3220//1074 3221//1074 3222//1074
f 3223//1075 3224//1075 3225//1075
f 3226//1076 3227//1076 3228//1076
f 3229//1077 3230//1077 3231//1077
f 3232//1078 3233//1078 3234//1078
f 3235//1079 3236//1079 3237//1079
f 3238//1080 3239//1080 3240//1080
f 3241//1081 3242//1081 3243//1081
f 3244//1082 3245//1082 3246//1082
f 3247//1083 3248//1083 3249//1083
f 3250//1084 3251//1084 3252//1084
f 3253//1085 3254//1085 3255//1085
f 3256//1086 3257//1086 3258//1086
f 3259//1087 3260//1087 3261//1087
f 3262//1088 3263//1088 3264//1088
f 3265//1089 3266//1089 3267//1089
f 3268//1090 3269//1090 3270//1090
f 3271//1091 3272//1091 3273//1091
f 3274//1092 3275//1092 3276//1092
f 3277//1093 3278//1093 3279//1093
f 3280//1094 3281//1094 3282//1094
f 3283//1095 3284//1095 3285//1095
f 3286//1096 3287//1096 3288//1096
f 3289//1097 3290//1097 3291//1097
f 3292//1098 3293//1098 3294//1098
f 3295//1099 3296//1099 3297//1099
f 3298//1100 3299//1100 3300//1100
f 3301//1101 3302//1101 3303//1101
f 3304//1102 3305//1102 3306//1102
f 3307//1103 3308//1103 3309//1103
f 3310//1104 3311//1104 3312//1104
f 3313//1105 3314//1105 3315//1105
f 3316//1106 3317//1106 3318//1106
f 3319//1107 3320//1107 3321//1107
f 3322//1108 3323//1108 3324//1108
f 3325//1109 3326//1109 3327//1109
f 3328//1110 3329//1110 3330//1110
f 3331//1111 3332//1111 3333//1111
f 3334//1112 3335//1112 3336//1112
f 3337//1113 3338//1113 3339//1113
f 3340//1114 3341//1114 3342//1114
f 3343//1115 3344//1115 3345//1115
f 3346//1116 3347//1116 3348//1116
f 3349//1117 3350//1117 3351//1117
f 3352//1118 3353//1118 3354//1118
f 3355//1119 3356//1119 3357//1119
f 3358//1120 3359//1120 3360//1120
f 3361//1121 3362//1121 3363//1121
f 3364//1122 3365//1122 3366//1122
f 3367//1123 3368//1123 3369//1123
f 3370//1124 3371//1124 3372//1124
f 3373//1125 3374//1125 3375//1125
f 3376//1126 3377//1126 3378//1126
f 3379//1127 3380//1127 3381//1127
f 3382//1128 3383//1128 3384//1128
f 3385//1129 3386//1129 3387//1129
f 3388//1130 3389//1130 3390//1130
f 3391//1131 3392//1131 3393//1131
f 3394//1132 3395//1132 3396//1132
f 3397//1133 3398//1133 3399//1133
f 3400//1134 3401//1134 3402//1134
f 3403//1135 3404//1135 3405//1135
f 3406//1136 3407//1136 3408//1136
f 3409//1137 3410//1137 3411//1137
f 3412//1138 3413//1138 3414//1138
f 3415//1139 3416//1139 3417//1139
f 3418//1140 3419//1140 3420//1140
f 3421//1141 3422//1141 3423//1141
f 3424//1142 3425//1142 3426//1142
f 3427//1143 3428//1143 3429//1143
f 3430//1144 3431//1144 3432//1144
f 3433//1145 3434//1145 3435//1145
f 3436//1146 3437//1146 3438//1146
f 3439//1147 3440//1147 3441//1147
f 3442//1148 3443//1148 3444//1148
f 3445//1149 3446//1149 3447//1149
f 3448//1150 3449//1150 3450//1150
f 3451//1151 3452//1151 3453//1151
f 3454//1152 3455//1152 3456//1152
